id,Brand,Name,CPU,cpu_cores,cpu_turbo_GHz,GPU,gpu_power_W,RAM_GB,SSD_GB,Price_RUB
1,MSI,Dell Strix 2024,Ryzen 7,8,4.2,NVIDIA RTX 3070,115,24,1024,162000
2,Lenovo,Lenovo Legion 2023,Ryzen 9,12,4.5,NVIDIA RTX 4090,175,24,1024,282000
3,Dell,MSI Max 2020,Ryzen 5,6,4.0,NVIDIA RTX 4060,85,16,512,105000
4,Lenovo,HP X 2019,Ryzen 3,4,3.7,NVIDIA RTX 2050,65,8,256,50000
5,HP,MSI X 2020,Ryzen 9,12,4.5,NVIDIA RTX 3070,115,16,512,200000
6,Lenovo,MSI Strix 2023,Ryzen 3,4,3.7,NVIDIA GTX 1650,50,16,256,50000
7,ASUS,HP Pro 2022,Ryzen 5,6,4.0,NVIDIA RTX 4050,60,16,512,90000
8,Dell,ASUS Katana 2021,Ryzen 9,12,4.5,NVIDIA RTX 4090,175,16,2048,290000
9,ASUS,Lenovo Strix 2024,Ryzen 3,4,3.7,NVIDIA GTX 1650,50,16,256,50000
10,Dell,Acer Neo 2022,Ryzen 3,4,3.7,NVIDIA RTX 2050,65,8,512,55000
11,ASUS,HP Pro 2019,Ryzen 5,6,4.0,NVIDIA RTX 3060,80,16,1024,102000
12,Lenovo,Dell Ultra 2022,Ryzen 5,6,4.0,NVIDIA RTX 4070,115,16,256,115000
13,Lenovo,Acer Strix 2024,Ryzen 9,12,4.5,NVIDIA RTX 3070,115,16,1024,207000
14,Dell,ASUS Pro 2023,Ryzen 3,4,3.7,NVIDIA RTX 2050,65,8,256,50000
15,MSI,ASUS Max 2022,Ryzen 3,4,3.7,NVIDIA RTX 2050,65,8,512,55000
16,Dell,MSI Strix 2023,Ryzen 9,12,4.5,NVIDIA RTX 4090,175,32,2048,300000
17,HP,Lenovo Gaming 2020,Ryzen 5,6,4.0,NVIDIA RTX 3050,60,16,512,85000
18,MSI,MSI Max 2023,Ryzen 5,6,4.0,NVIDIA RTX 3060,80,16,1024,102000
19,Lenovo,Lenovo Gaming 2019,Ryzen 5,6,4.0,NVIDIA RTX 4070,115,16,256,115000
20,Lenovo,MSI Neo 2024,Ryzen 7,8,4.2,NVIDIA RTX 4060,85,32,512,155000
21,Lenovo,Acer Plus 2020,Ryzen 7,8,4.2,NVIDIA RTX 3060,80,16,1024,142000
22,MSI,MSI Pro 2022,Ryzen 5,6,4.0,NVIDIA RTX 4060,85,16,512,105000
23,MSI,Dell Strix 2019,Ryzen 3,4,3.7,NVIDIA RTX 2050,65,16,512,60000
24,Dell,ASUS Neo 2024,Ryzen 7,8,4.2,NVIDIA RTX 4050,60,16,512,130000
25,Lenovo,HP Pro 2021,Ryzen 9,12,4.5,NVIDIA RTX 4080,150,16,512,240000
26,Dell,MSI Plus 2022,Ryzen 3,4,3.7,NVIDIA GTX 1650,50,16,512,55000
27,MSI,MSI Ultra 2020,Ryzen 7,8,4.2,NVIDIA RTX 4090,175,16,1024,227000
28,Lenovo,MSI Pro 2019,Ryzen 7,8,4.2,NVIDIA RTX 4080,150,24,512,195000
29,Acer,HP Katana 2023,Ryzen 3,4,3.7,NVIDIA GTX 1650,50,8,512,50000
30,Dell,HP Legion 2023,Ryzen 5,6,4.0,NVIDIA RTX 4060,85,16,512,105000
31,Acer,HP X 2023,Ryzen 9,12,4.5,NVIDIA RTX 4090,175,16,512,270000
32,Lenovo,ASUS X 2021,Ryzen 5,6,4.0,NVIDIA RTX 3050,60,16,1024,92000
33,ASUS,Dell Legion 2022,Ryzen 3,4,3.7,NVIDIA RTX 2050,65,16,512,60000
34,MSI,ASUS Plus 2022,Ryzen 3,4,3.7,NVIDIA RTX 2050,65,8,256,50000
35,MSI,Lenovo VivoBook 2019,Ryzen 3,4,3.7,NVIDIA GTX 1650,50,8,256,45000
36,Dell,Acer Pro 2021,Ryzen 5,6,4.0,NVIDIA RTX 3070,115,16,512,110000
37,Lenovo,Dell Plus 2020,Ryzen 5,6,4.0,NVIDIA RTX 4050,60,16,256,85000
38,Dell,Dell Gaming 2019,Ryzen 5,6,4.0,NVIDIA RTX 4070,115,16,256,115000
39,Acer,HP VivoBook 2020,Ryzen 3,4,3.7,NVIDIA GTX 1650,50,8,512,50000
40,ASUS,Dell Max 2022,Ryzen 7,8,4.2,NVIDIA RTX 4060,85,32,512,155000
41,MSI,HP Plus 2024,Ryzen 7,8,4.2,NVIDIA RTX 3070,115,32,1024,167000
42,HP,Acer Ultra 2024,Ryzen 9,12,4.5,NVIDIA RTX 3070,115,32,512,210000
43,Lenovo,HP Plus 2024,Ryzen 3,4,3.7,NVIDIA GTX 1650,50,16,512,55000
44,Dell,Lenovo Plus 2024,Ryzen 5,6,4.0,NVIDIA RTX 3050,60,16,256,80000
45,Lenovo,HP Pro 2023,Ryzen 9,12,4.5,NVIDIA RTX 4090,175,16,1024,277000
46,ASUS,Lenovo VivoBook 2023,Ryzen 3,4,3.7,NVIDIA GTX 1650,50,8,256,45000
47,Lenovo,ASUS VivoBook 2020,Ryzen 9,12,4.5,NVIDIA RTX 4070,115,24,512,215000
48,MSI,MSI Plus 2021,Ryzen 5,6,4.0,NVIDIA RTX 3050,60,16,512,85000
49,Dell,Dell Max 2024,Ryzen 5,6,4.0,NVIDIA RTX 3070,115,16,256,105000
50,Lenovo,Lenovo Neo 2024,Ryzen 9,12,4.5,NVIDIA RTX 4070,115,16,512,210000
51,ASUS,Acer Gaming 2024,Ryzen 7,8,4.2,NVIDIA RTX 3090,180,32,512,210000
52,ASUS,MSI VivoBook 2020,Ryzen 3,4,3.7,NVIDIA RTX 2050,65,16,512,60000
53,ASUS,Lenovo Legion 2024,Ryzen 7,8,4.2,NVIDIA RTX 3070,115,32,512,160000
54,Lenovo,Acer Neo 2023,Ryzen 5,6,4.0,NVIDIA RTX 3060,80,16,512,95000
55,Acer,HP Gaming 2024,Ryzen 9,12,4.5,NVIDIA RTX 3070,115,16,512,200000
56,ASUS,Acer Max 2023,Ryzen 3,4,3.7,NVIDIA RTX 2050,65,8,256,50000
57,Dell,HP Plus 2021,Ryzen 3,4,3.7,NVIDIA RTX 2050,65,8,256,50000
58,Acer,Acer IdeaPad 2022,Ryzen 3,4,3.7,NVIDIA RTX 2050,65,16,512,60000
59,Dell,MSI Strix 2024,Ryzen 3,4,3.7,NVIDIA GTX 1650,50,16,512,55000
60,Acer,Lenovo Plus 2019,Ryzen 5,6,4.0,NVIDIA RTX 4070,115,16,512,120000
61,ASUS,HP VivoBook 2022,Ryzen 7,8,4.2,NVIDIA RTX 3070,115,16,1024,157000
62,Dell,Lenovo Strix 2020,Ryzen 3,4,3.7,NVIDIA RTX 2050,65,8,256,50000
63,HP,MSI Plus 2020,Ryzen 5,6,4.0,NVIDIA RTX 4060,85,16,512,105000
64,Dell,ASUS X 2020,Ryzen 9,12,4.5,NVIDIA RTX 3070,115,24,2048,225000
65,ASUS,Dell Gaming 2024,Ryzen 3,4,3.7,NVIDIA RTX 2050,65,16,256,55000
66,Acer,Lenovo Gaming 2023,Ryzen 3,4,3.7,NVIDIA GTX 1650,50,16,256,50000
67,Dell,ASUS Katana 2020,Ryzen 5,6,4.0,NVIDIA RTX 3070,115,16,1024,117000
68,HP,Acer Gaming 2019,Ryzen 3,4,3.7,NVIDIA RTX 2050,65,8,256,50000
69,HP,Acer Legion 2021,Ryzen 7,8,4.2,NVIDIA RTX 3070,115,24,512,155000
70,MSI,MSI Max 2019,Ryzen 9,12,4.5,NVIDIA RTX 3090,180,32,1024,267000
71,Acer,HP VivoBook 2021,Ryzen 5,6,4.0,NVIDIA RTX 3050,60,16,1024,92000
72,Acer,HP X 2020,Ryzen 9,12,4.5,NVIDIA RTX 3070,115,24,512,205000
73,MSI,ASUS Legion 2019,Ryzen 5,6,4.0,NVIDIA RTX 4070,115,16,512,120000
74,Acer,HP Katana 2024,Ryzen 3,4,3.7,NVIDIA RTX 2050,65,16,512,60000
75,Dell,Lenovo Katana 2019,Ryzen 9,12,4.5,NVIDIA RTX 4080,150,32,1024,257000
76,ASUS,Dell X 2024,Ryzen 9,12,4.5,NVIDIA RTX 4090,175,16,512,270000
77,Lenovo,HP Strix 2024,Ryzen 5,6,4.0,NVIDIA RTX 4070,115,16,256,115000
78,Acer,Dell Ultra 2023,Ryzen 3,4,3.7,NVIDIA GTX 1650,50,8,256,45000
79,HP,Dell Neo 2022,Ryzen 9,12,4.5,NVIDIA RTX 4070,115,16,1024,217000
80,Acer,ASUS Plus 2019,Ryzen 9,12,4.5,NVIDIA RTX 3090,180,32,1024,267000
81,HP,Lenovo Strix 2022,Ryzen 7,8,4.2,NVIDIA RTX 3070,115,24,1024,162000
82,Lenovo,Acer Ultra 2023,Ryzen 3,4,3.7,NVIDIA GTX 1650,50,16,256,50000
83,Acer,ASUS Neo 2023,Ryzen 9,12,4.5,NVIDIA RTX 4070,115,24,1024,222000
84,HP,Dell Plus 2022,Ryzen 3,4,3.7,NVIDIA GTX 1650,50,16,512,55000
85,Acer,ASUS Pro 2023,Ryzen 7,8,4.2,NVIDIA RTX 3070,115,24,1024,162000
86,Acer,ASUS Pro 2020,Ryzen 9,12,4.5,NVIDIA RTX 4080,150,24,1024,252000
87,Acer,Dell Neo 2023,Ryzen 7,8,4.2,NVIDIA RTX 3090,180,24,1024,212000
88,MSI,HP Katana 2024,Ryzen 5,6,4.0,NVIDIA RTX 3050,60,16,1024,92000
89,MSI,Acer Max 2020,Ryzen 5,6,4.0,NVIDIA RTX 3050,60,16,512,85000
90,MSI,Acer Strix 2024,Ryzen 9,12,4.5,NVIDIA RTX 3070,115,16,512,200000
91,Lenovo,ASUS Katana 2020,Ryzen 9,12,4.5,NVIDIA RTX 4080,150,32,1024,257000
92,Dell,HP Plus 2022,Ryzen 7,8,4.2,NVIDIA RTX 4080,150,32,1024,207000
93,HP,ASUS Max 2021,Ryzen 7,8,4.2,NVIDIA RTX 3090,180,24,1024,212000
94,MSI,Lenovo Legion 2023,Ryzen 7,8,4.2,NVIDIA RTX 3070,115,32,1024,167000
95,MSI,Acer Neo 2023,Ryzen 5,6,4.0,NVIDIA RTX 3050,60,16,1024,92000
96,MSI,Acer IdeaPad 2024,Ryzen 3,4,3.7,NVIDIA RTX 2050,65,16,512,60000
97,Lenovo,MSI Strix 2023,Ryzen 7,8,4.2,NVIDIA RTX 4060,85,32,1024,162000
98,Acer,MSI Plus 2022,Ryzen 7,8,4.2,NVIDIA RTX 3070,115,32,1024,167000
99,ASUS,ASUS Max 2024,Ryzen 9,12,4.5,NVIDIA RTX 4070,115,32,512,220000
100,ASUS,Lenovo Pro 2022,Ryzen 9,12,4.5,NVIDIA RTX 3070,115,16,1024,207000
101,Acer,Lenovo Pro 2021,Ryzen 7,8,4.2,NVIDIA RTX 4090,175,16,512,220000
102,Acer,Dell X 2023,Ryzen 9,12,4.5,NVIDIA RTX 3090,180,24,1024,262000
103,Acer,Lenovo IdeaPad 2019,Ryzen 7,8,4.2,NVIDIA RTX 3090,180,24,1024,212000
104,Dell,Acer X 2019,Ryzen 3,4,3.7,NVIDIA RTX 2050,65,8,256,50000
105,ASUS,HP Neo 2021,Ryzen 5,6,4.0,NVIDIA RTX 4070,115,16,512,120000
106,ASUS,Dell Max 2019,Ryzen 5,6,4.0,NVIDIA RTX 4070,115,16,512,120000
107,Dell,ASUS Pro 2019,Ryzen 9,12,4.5,NVIDIA RTX 3080,150,24,2048,245000
108,ASUS,Dell Ultra 2024,Ryzen 9,12,4.5,NVIDIA RTX 3090,180,24,512,255000
109,MSI,Dell IdeaPad 2020,Ryzen 9,12,4.5,NVIDIA RTX 3070,115,32,1024,217000
110,Acer,ASUS Katana 2020,Ryzen 3,4,3.7,NVIDIA RTX 2050,65,8,256,50000
111,HP,Dell X 2020,Ryzen 3,4,3.7,NVIDIA GTX 1650,50,8,256,45000
112,Acer,ASUS Plus 2019,Ryzen 5,6,4.0,NVIDIA RTX 3050,60,16,512,85000
113,Acer,HP X 2023,Ryzen 3,4,3.7,NVIDIA RTX 2050,65,8,512,55000
114,Acer,Acer Gaming 2019,Ryzen 3,4,3.7,NVIDIA GTX 1650,50,16,512,55000
115,Lenovo,Lenovo Legion 2020,Ryzen 5,6,4.0,NVIDIA RTX 3060,80,16,512,95000
116,Lenovo,Acer Plus 2022,Ryzen 9,12,4.5,NVIDIA RTX 4070,115,16,512,210000
117,Acer,Dell Legion 2022,Ryzen 7,8,4.2,NVIDIA RTX 3060,80,16,512,135000
118,Acer,HP X 2023,Ryzen 7,8,4.2,NVIDIA RTX 3060,80,32,512,145000
119,Lenovo,MSI VivoBook 2023,Ryzen 7,8,4.2,NVIDIA RTX 3050,60,16,512,125000
120,ASUS,HP IdeaPad 2022,Ryzen 5,6,4.0,NVIDIA RTX 3070,115,16,512,110000
121,HP,Lenovo X 2024,Ryzen 3,4,3.7,NVIDIA RTX 2050,65,8,256,50000
122,Lenovo,Acer Strix 2023,Ryzen 5,6,4.0,NVIDIA RTX 4070,115,16,512,120000
123,Dell,HP VivoBook 2019,Ryzen 7,8,4.2,NVIDIA RTX 3090,180,16,512,200000
124,HP,ASUS Max 2024,Ryzen 5,6,4.0,NVIDIA RTX 3060,80,16,1024,102000
125,MSI,ASUS Plus 2024,Ryzen 5,6,4.0,NVIDIA RTX 4050,60,16,256,85000
126,ASUS,Acer Neo 2022,Ryzen 5,6,4.0,NVIDIA RTX 3060,80,16,256,90000
127,Acer,Lenovo Katana 2021,Ryzen 3,4,3.7,NVIDIA RTX 2050,65,16,256,55000
128,MSI,MSI Legion 2024,Ryzen 7,8,4.2,NVIDIA RTX 4090,175,32,512,230000
129,Dell,Acer Ultra 2024,Ryzen 7,8,4.2,NVIDIA RTX 3050,60,16,1024,132000
130,Acer,HP Strix 2021,Ryzen 3,4,3.7,NVIDIA GTX 1650,50,16,512,55000
131,Dell,ASUS Ultra 2021,Ryzen 3,4,3.7,NVIDIA RTX 2050,65,8,512,55000
132,MSI,Acer Legion 2019,Ryzen 9,12,4.5,NVIDIA RTX 4070,115,32,1024,227000
133,Acer,Dell X 2019,Ryzen 5,6,4.0,NVIDIA RTX 3050,60,16,512,85000
134,Acer,ASUS Pro 2019,Ryzen 3,4,3.7,NVIDIA GTX 1650,50,8,512,50000
135,HP,Dell Plus 2024,Ryzen 9,12,4.5,NVIDIA RTX 4080,150,16,2048,260000
136,Dell,Lenovo Ultra 2024,Ryzen 5,6,4.0,NVIDIA RTX 3050,60,16,512,85000
137,HP,HP Pro 2024,Ryzen 3,4,3.7,NVIDIA GTX 1650,50,8,512,50000
138,Lenovo,ASUS Neo 2019,Ryzen 9,12,4.5,NVIDIA RTX 3090,180,32,512,260000
139,Acer,ASUS Katana 2024,Ryzen 7,8,4.2,NVIDIA RTX 4050,60,24,512,135000
140,HP,Lenovo Legion 2022,Ryzen 9,12,4.5,NVIDIA RTX 3090,180,32,512,260000
141,MSI,HP Plus 2020,Ryzen 7,8,4.2,NVIDIA RTX 4060,85,32,512,155000
142,ASUS,Acer Pro 2022,Ryzen 7,8,4.2,NVIDIA RTX 3060,80,16,1024,142000
143,Acer,ASUS Plus 2024,Ryzen 9,12,4.5,NVIDIA RTX 4090,175,32,2048,300000
144,HP,Lenovo Pro 2022,Ryzen 5,6,4.0,NVIDIA RTX 4050,60,16,1024,97000
145,Dell,Dell Plus 2024,Ryzen 9,12,4.5,NVIDIA RTX 3090,180,16,1024,257000
146,Dell,Dell Strix 2019,Ryzen 9,12,4.5,NVIDIA RTX 3090,180,24,512,255000
147,HP,Acer Katana 2024,Ryzen 3,4,3.7,NVIDIA RTX 2050,65,16,512,60000
148,Lenovo,HP Neo 2022,Ryzen 7,8,4.2,NVIDIA RTX 4090,175,32,1024,237000
149,Lenovo,Dell X 2022,Ryzen 3,4,3.7,NVIDIA RTX 2050,65,8,512,55000
150,Acer,MSI Gaming 2024,Ryzen 7,8,4.2,NVIDIA RTX 4070,115,24,512,165000
151,Acer,MSI Strix 2023,Ryzen 5,6,4.0,NVIDIA RTX 3060,80,16,512,95000
152,HP,Acer Max 2020,Ryzen 9,12,4.5,NVIDIA RTX 4070,115,32,2048,240000
153,Lenovo,MSI X 2020,Ryzen 5,6,4.0,NVIDIA RTX 3060,80,16,256,90000
154,MSI,Lenovo VivoBook 2022,Ryzen 9,12,4.5,NVIDIA RTX 3080,150,32,2048,250000
155,ASUS,Dell IdeaPad 2023,Ryzen 3,4,3.7,NVIDIA RTX 2050,65,8,256,50000
156,Lenovo,MSI Legion 2022,Ryzen 7,8,4.2,NVIDIA RTX 3080,150,24,512,175000
157,ASUS,HP Neo 2022,Ryzen 3,4,3.7,NVIDIA RTX 2050,65,8,512,55000
158,Lenovo,Lenovo Pro 2023,Ryzen 5,6,4.0,NVIDIA RTX 3070,115,16,256,105000
159,Acer,Acer VivoBook 2024,Ryzen 7,8,4.2,NVIDIA RTX 3080,150,16,1024,177000
160,Dell,Dell Ultra 2019,Ryzen 3,4,3.7,NVIDIA GTX 1650,50,8,512,50000
161,Lenovo,Acer X 2021,Ryzen 9,12,4.5,NVIDIA RTX 3070,115,32,2048,230000
162,Acer,Dell Katana 2020,Ryzen 9,12,4.5,NVIDIA RTX 3070,115,16,2048,220000
163,Acer,Lenovo X 2021,Ryzen 7,8,4.2,NVIDIA RTX 3050,60,32,512,135000
164,MSI,Lenovo Katana 2020,Ryzen 3,4,3.7,NVIDIA GTX 1650,50,8,256,45000
165,Lenovo,Acer Neo 2024,Ryzen 7,8,4.2,NVIDIA RTX 3070,115,24,512,155000
166,HP,Acer Max 2023,Ryzen 3,4,3.7,NVIDIA GTX 1650,50,8,256,45000
167,MSI,HP VivoBook 2019,Ryzen 9,12,4.5,NVIDIA RTX 4070,115,16,2048,230000
168,MSI,Acer IdeaPad 2019,Ryzen 5,6,4.0,NVIDIA RTX 4050,60,16,256,85000
169,ASUS,ASUS Legion 2021,Ryzen 9,12,4.5,NVIDIA RTX 4070,115,24,512,215000
170,ASUS,MSI Neo 2020,Ryzen 3,4,3.7,NVIDIA RTX 2050,65,8,512,55000
171,Dell,MSI Neo 2020,Ryzen 7,8,4.2,NVIDIA RTX 3080,150,32,512,180000
172,ASUS,Dell Plus 2020,Ryzen 9,12,4.5,NVIDIA RTX 4090,175,32,512,280000
173,Acer,Acer Legion 2021,Ryzen 3,4,3.7,NVIDIA RTX 2050,65,8,512,55000
174,ASUS,Lenovo Neo 2020,Ryzen 9,12,4.5,NVIDIA RTX 4070,115,24,512,215000
175,Acer,Dell Katana 2022,Ryzen 9,12,4.5,NVIDIA RTX 4080,150,32,512,250000
176,ASUS,ASUS Legion 2022,Ryzen 9,12,4.5,NVIDIA RTX 4070,115,24,512,215000
177,Lenovo,Acer Neo 2019,Ryzen 5,6,4.0,NVIDIA RTX 3050,60,16,1024,92000
178,ASUS,MSI Plus 2021,Ryzen 9,12,4.5,NVIDIA RTX 3070,115,24,1024,212000
179,Dell,ASUS X 2021,Ryzen 3,4,3.7,NVIDIA RTX 2050,65,8,256,50000
180,Lenovo,Dell Pro 2023,Ryzen 7,8,4.2,NVIDIA RTX 4090,175,16,1024,227000
181,MSI,MSI Legion 2020,Ryzen 9,12,4.5,NVIDIA RTX 3090,180,24,512,255000
182,Acer,HP VivoBook 2020,Ryzen 3,4,3.7,NVIDIA RTX 2050,65,8,256,50000
183,Dell,HP Neo 2019,Ryzen 3,4,3.7,NVIDIA RTX 2050,65,8,512,55000
184,Dell,Lenovo Gaming 2020,Ryzen 7,8,4.2,NVIDIA RTX 4080,150,24,1024,202000
185,Dell,HP IdeaPad 2020,Ryzen 7,8,4.2,NVIDIA RTX 3090,180,16,1024,207000
186,ASUS,MSI Pro 2021,Ryzen 9,12,4.5,NVIDIA RTX 3070,115,32,512,210000
187,MSI,Lenovo Plus 2019,Ryzen 9,12,4.5,NVIDIA RTX 4080,150,32,1024,257000
188,ASUS,Lenovo X 2022,Ryzen 3,4,3.7,NVIDIA RTX 2050,65,16,512,60000
189,ASUS,MSI Ultra 2024,Ryzen 9,12,4.5,NVIDIA RTX 3080,150,16,512,220000
190,Acer,ASUS Legion 2022,Ryzen 9,12,4.5,NVIDIA RTX 4080,150,16,1024,247000
191,HP,MSI Neo 2021,Ryzen 5,6,4.0,NVIDIA RTX 4070,115,16,1024,127000
192,Lenovo,HP Pro 2023,Ryzen 3,4,3.7,NVIDIA RTX 2050,65,8,512,55000
193,Dell,MSI Gaming 2021,Ryzen 3,4,3.7,NVIDIA RTX 2050,65,8,512,55000
194,ASUS,HP Strix 2020,Ryzen 7,8,4.2,NVIDIA RTX 4090,175,24,1024,232000
195,MSI,ASUS Legion 2022,Ryzen 3,4,3.7,NVIDIA GTX 1650,50,8,256,45000
196,Lenovo,ASUS Max 2024,Ryzen 9,12,4.5,NVIDIA RTX 3090,180,32,1024,267000
197,MSI,Acer Neo 2022,Ryzen 3,4,3.7,NVIDIA RTX 2050,65,16,256,55000
198,Acer,Acer Gaming 2022,Ryzen 7,8,4.2,NVIDIA RTX 4060,85,24,512,150000
199,Dell,Lenovo Plus 2023,Ryzen 5,6,4.0,NVIDIA RTX 4070,115,16,256,115000
200,Dell,ASUS Ultra 2020,Ryzen 9,12,4.5,NVIDIA RTX 4070,115,32,2048,240000
201,HP,ASUS Pro 2019,Ryzen 7,8,4.2,NVIDIA RTX 3090,180,16,1024,207000
202,HP,Acer IdeaPad 2022,Ryzen 3,4,3.7,NVIDIA RTX 2050,65,16,256,55000
203,HP,Dell Pro 2023,Ryzen 9,12,4.5,NVIDIA RTX 4080,150,16,1024,247000
204,Acer,MSI Katana 2024,Ryzen 7,8,4.2,NVIDIA RTX 4080,150,32,1024,207000
205,Dell,Acer Strix 2023,Ryzen 3,4,3.7,NVIDIA RTX 2050,65,16,256,55000
206,Acer,ASUS Pro 2022,Ryzen 3,4,3.7,NVIDIA GTX 1650,50,16,256,50000
207,HP,Dell Legion 2019,Ryzen 5,6,4.0,NVIDIA RTX 3060,80,16,256,90000
208,HP,Dell IdeaPad 2023,Ryzen 3,4,3.7,NVIDIA RTX 2050,65,8,256,50000
209,ASUS,Dell Plus 2021,Ryzen 5,6,4.0,NVIDIA RTX 3070,115,16,1024,117000
210,Lenovo,ASUS Katana 2020,Ryzen 3,4,3.7,NVIDIA GTX 1650,50,8,256,45000
211,HP,ASUS X 2019,Ryzen 3,4,3.7,NVIDIA GTX 1650,50,16,512,55000
212,Lenovo,Dell Ultra 2021,Ryzen 3,4,3.7,NVIDIA GTX 1650,50,16,512,55000
213,ASUS,ASUS Neo 2019,Ryzen 7,8,4.2,NVIDIA RTX 3050,60,24,512,130000
214,Dell,ASUS Max 2020,Ryzen 9,12,4.5,NVIDIA RTX 3070,115,16,1024,207000
215,ASUS,HP VivoBook 2020,Ryzen 5,6,4.0,NVIDIA RTX 3070,115,16,256,105000
216,Acer,HP Katana 2023,Ryzen 7,8,4.2,NVIDIA RTX 4070,115,24,512,165000
217,MSI,HP Plus 2024,Ryzen 7,8,4.2,NVIDIA RTX 4080,150,24,512,195000
218,MSI,HP IdeaPad 2024,Ryzen 3,4,3.7,NVIDIA GTX 1650,50,8,512,50000
219,ASUS,Lenovo Pro 2019,Ryzen 7,8,4.2,NVIDIA RTX 4080,150,16,1024,197000
220,Dell,HP X 2023,Ryzen 5,6,4.0,NVIDIA RTX 4060,85,16,512,105000
221,Dell,Lenovo Legion 2022,Ryzen 5,6,4.0,NVIDIA RTX 4060,85,16,512,105000
222,ASUS,HP IdeaPad 2023,Ryzen 9,12,4.5,NVIDIA RTX 4070,115,32,1024,227000
223,ASUS,Lenovo Katana 2024,Ryzen 9,12,4.5,NVIDIA RTX 4070,115,24,1024,222000
224,Acer,MSI Pro 2021,Ryzen 5,6,4.0,NVIDIA RTX 4060,85,16,1024,112000
225,Lenovo,ASUS Legion 2019,Ryzen 3,4,3.7,NVIDIA RTX 2050,65,16,256,55000
226,HP,Acer VivoBook 2020,Ryzen 7,8,4.2,NVIDIA RTX 3060,80,24,512,140000
227,Acer,HP Neo 2020,Ryzen 7,8,4.2,NVIDIA RTX 3060,80,24,1024,147000
228,MSI,MSI VivoBook 2024,Ryzen 3,4,3.7,NVIDIA RTX 2050,65,8,256,50000
229,Lenovo,MSI Strix 2023,Ryzen 3,4,3.7,NVIDIA RTX 2050,65,16,512,60000
230,Lenovo,Acer VivoBook 2024,Ryzen 7,8,4.2,NVIDIA RTX 4070,115,16,1024,167000
231,Dell,Dell Ultra 2020,Ryzen 5,6,4.0,NVIDIA RTX 3070,115,16,256,105000
232,Acer,ASUS Plus 2020,Ryzen 9,12,4.5,NVIDIA RTX 4070,115,32,512,220000
233,ASUS,ASUS Plus 2021,Ryzen 3,4,3.7,NVIDIA RTX 2050,65,8,256,50000
234,MSI,MSI Neo 2022,Ryzen 7,8,4.2,NVIDIA RTX 4060,85,16,1024,152000
235,Dell,MSI Legion 2020,Ryzen 5,6,4.0,NVIDIA RTX 3070,115,16,1024,117000
236,HP,MSI Legion 2023,Ryzen 9,12,4.5,NVIDIA RTX 4070,115,24,1024,222000
237,HP,ASUS Pro 2023,Ryzen 9,12,4.5,NVIDIA RTX 4080,150,16,2048,260000
238,Dell,HP Gaming 2024,Ryzen 3,4,3.7,NVIDIA GTX 1650,50,8,512,50000
239,Lenovo,HP X 2019,Ryzen 9,12,4.5,NVIDIA RTX 3070,115,24,512,205000
240,HP,HP Legion 2022,Ryzen 9,12,4.5,NVIDIA RTX 3080,150,32,1024,237000
241,Lenovo,Acer Pro 2020,Ryzen 7,8,4.2,NVIDIA RTX 4090,175,16,512,220000
242,Acer,Dell Plus 2024,Ryzen 7,8,4.2,NVIDIA RTX 4050,60,24,1024,142000
243,ASUS,Lenovo Strix 2020,Ryzen 9,12,4.5,NVIDIA RTX 4070,115,16,2048,230000
244,Lenovo,MSI Gaming 2021,Ryzen 9,12,4.5,NVIDIA RTX 3080,150,24,1024,232000
245,Acer,MSI IdeaPad 2022,Ryzen 5,6,4.0,NVIDIA RTX 3060,80,16,1024,102000
246,Acer,Dell Gaming 2021,Ryzen 9,12,4.5,NVIDIA RTX 4090,175,32,2048,300000
247,Dell,Lenovo Ultra 2022,Ryzen 7,8,4.2,NVIDIA RTX 3080,150,16,1024,177000
248,Lenovo,Dell Katana 2022,Ryzen 9,12,4.5,NVIDIA RTX 3070,115,16,1024,207000
249,Acer,Acer X 2019,Ryzen 7,8,4.2,NVIDIA RTX 3070,115,32,512,160000
250,Lenovo,ASUS Neo 2022,Ryzen 9,12,4.5,NVIDIA RTX 3070,115,24,2048,225000
251,Acer,Acer Max 2020,Ryzen 3,4,3.7,NVIDIA GTX 1650,50,8,256,45000
252,Acer,ASUS Neo 2019,Ryzen 5,6,4.0,NVIDIA RTX 3070,115,16,1024,117000
253,Lenovo,MSI VivoBook 2021,Ryzen 5,6,4.0,NVIDIA RTX 3070,115,16,1024,117000
254,Lenovo,Acer Katana 2023,Ryzen 3,4,3.7,NVIDIA RTX 2050,65,8,256,50000
255,MSI,HP Legion 2021,Ryzen 3,4,3.7,NVIDIA RTX 2050,65,16,256,55000
256,HP,Acer IdeaPad 2024,Ryzen 9,12,4.5,NVIDIA RTX 3080,150,32,512,230000
257,Lenovo,Lenovo Strix 2021,Ryzen 5,6,4.0,NVIDIA RTX 4070,115,16,512,120000
258,Dell,MSI Gaming 2020,Ryzen 3,4,3.7,NVIDIA GTX 1650,50,16,256,50000
259,ASUS,Dell Legion 2023,Ryzen 3,4,3.7,NVIDIA RTX 2050,65,8,512,55000
260,HP,ASUS X 2022,Ryzen 5,6,4.0,NVIDIA RTX 4050,60,16,1024,97000
261,Acer,HP IdeaPad 2022,Ryzen 5,6,4.0,NVIDIA RTX 4060,85,16,512,105000
262,Lenovo,HP Legion 2024,Ryzen 9,12,4.5,NVIDIA RTX 3070,115,16,2048,220000
263,HP,Lenovo VivoBook 2024,Ryzen 9,12,4.5,NVIDIA RTX 4090,175,32,2048,300000
264,Dell,Dell Plus 2019,Ryzen 5,6,4.0,NVIDIA RTX 4050,60,16,256,85000
265,MSI,Dell Pro 2019,Ryzen 3,4,3.7,NVIDIA GTX 1650,50,8,512,50000
266,Dell,ASUS Pro 2020,Ryzen 3,4,3.7,NVIDIA RTX 2050,65,16,512,60000
267,Acer,HP Katana 2019,Ryzen 7,8,4.2,NVIDIA RTX 4060,85,24,512,150000
268,MSI,ASUS VivoBook 2019,Ryzen 5,6,4.0,NVIDIA RTX 4050,60,16,1024,97000
269,MSI,ASUS Strix 2020,Ryzen 7,8,4.2,NVIDIA RTX 4050,60,16,1024,137000
270,MSI,HP Neo 2024,Ryzen 3,4,3.7,NVIDIA GTX 1650,50,8,512,50000
271,Acer,MSI Plus 2021,Ryzen 7,8,4.2,NVIDIA RTX 3070,115,32,512,160000
272,MSI,Acer Max 2021,Ryzen 3,4,3.7,NVIDIA RTX 2050,65,16,256,55000
273,Lenovo,HP Legion 2023,Ryzen 3,4,3.7,NVIDIA RTX 2050,65,8,512,55000
274,HP,Acer Plus 2023,Ryzen 3,4,3.7,NVIDIA GTX 1650,50,16,256,50000
275,ASUS,Dell Ultra 2020,Ryzen 5,6,4.0,NVIDIA RTX 4050,60,16,1024,97000
276,Acer,MSI Max 2021,Ryzen 3,4,3.7,NVIDIA GTX 1650,50,8,256,45000
277,HP,Acer Max 2022,Ryzen 3,4,3.7,NVIDIA RTX 2050,65,8,512,55000
278,ASUS,ASUS Ultra 2019,Ryzen 7,8,4.2,NVIDIA RTX 3090,180,24,1024,212000
279,ASUS,Acer Neo 2024,Ryzen 9,12,4.5,NVIDIA RTX 3070,115,24,2048,225000
280,Dell,HP Ultra 2019,Ryzen 7,8,4.2,NVIDIA RTX 4080,150,16,1024,197000
281,HP,HP Legion 2021,Ryzen 7,8,4.2,NVIDIA RTX 4060,85,32,1024,162000
282,Dell,HP Strix 2022,Ryzen 9,12,4.5,NVIDIA RTX 4070,115,32,1024,227000
283,Acer,MSI Max 2023,Ryzen 5,6,4.0,NVIDIA RTX 3070,115,16,512,110000
284,HP,HP Strix 2024,Ryzen 9,12,4.5,NVIDIA RTX 3090,180,24,2048,275000
285,Lenovo,Acer Legion 2021,Ryzen 7,8,4.2,NVIDIA RTX 4060,85,32,1024,162000
286,MSI,MSI X 2021,Ryzen 3,4,3.7,NVIDIA GTX 1650,50,8,256,45000
287,Dell,ASUS Legion 2021,Ryzen 7,8,4.2,NVIDIA RTX 3080,150,16,1024,177000
288,Dell,Lenovo Katana 2023,Ryzen 5,6,4.0,NVIDIA RTX 3060,80,16,1024,102000
289,Acer,Dell Neo 2020,Ryzen 9,12,4.5,NVIDIA RTX 4090,175,32,1024,287000
290,HP,HP Legion 2023,Ryzen 9,12,4.5,NVIDIA RTX 4090,175,16,1024,277000
291,Dell,HP Ultra 2023,Ryzen 9,12,4.5,NVIDIA RTX 3090,180,24,2048,275000
292,HP,MSI Pro 2024,Ryzen 7,8,4.2,NVIDIA RTX 4050,60,32,512,140000
293,Dell,Acer VivoBook 2024,Ryzen 7,8,4.2,NVIDIA RTX 4050,60,32,1024,147000
294,Dell,MSI Pro 2020,Ryzen 5,6,4.0,NVIDIA RTX 4060,85,16,256,100000
295,Acer,HP X 2024,Ryzen 7,8,4.2,NVIDIA RTX 3080,150,32,512,180000
296,ASUS,ASUS VivoBook 2022,Ryzen 9,12,4.5,NVIDIA RTX 4080,150,24,1024,252000
297,Lenovo,Lenovo Max 2022,Ryzen 5,6,4.0,NVIDIA RTX 3050,60,16,512,85000
298,Acer,Acer Pro 2020,Ryzen 7,8,4.2,NVIDIA RTX 4090,175,24,1024,232000
299,HP,HP IdeaPad 2024,Ryzen 7,8,4.2,NVIDIA RTX 3050,60,32,1024,142000
300,HP,Acer Gaming 2020,Ryzen 5,6,4.0,NVIDIA RTX 4060,85,16,1024,112000
301,ASUS,Dell Gaming 2021,Ryzen 7,8,4.2,NVIDIA RTX 3090,180,24,512,205000
302,Dell,ASUS Gaming 2020,Ryzen 5,6,4.0,NVIDIA RTX 3050,60,16,512,85000
303,MSI,Lenovo X 2020,Ryzen 7,8,4.2,NVIDIA RTX 4050,60,16,1024,137000
304,HP,HP Strix 2023,Ryzen 9,12,4.5,NVIDIA RTX 4080,150,32,1024,257000
305,ASUS,Dell Legion 2021,Ryzen 3,4,3.7,NVIDIA GTX 1650,50,16,256,50000
306,ASUS,ASUS Katana 2024,Ryzen 7,8,4.2,NVIDIA RTX 3090,180,32,512,210000
307,MSI,Acer Neo 2023,Ryzen 3,4,3.7,NVIDIA GTX 1650,50,16,256,50000
308,Acer,Lenovo Gaming 2023,Ryzen 5,6,4.0,NVIDIA RTX 4060,85,16,256,100000
309,Acer,Acer VivoBook 2020,Ryzen 3,4,3.7,NVIDIA GTX 1650,50,16,512,55000
310,ASUS,Lenovo Gaming 2021,Ryzen 3,4,3.7,NVIDIA RTX 2050,65,16,256,55000
311,Acer,Dell Ultra 2024,Ryzen 7,8,4.2,NVIDIA RTX 3070,115,16,512,150000
312,Acer,Acer Plus 2024,Ryzen 7,8,4.2,NVIDIA RTX 4080,150,24,1024,202000
313,HP,ASUS Ultra 2021,Ryzen 3,4,3.7,NVIDIA RTX 2050,65,16,256,55000
314,Lenovo,Lenovo Pro 2021,Ryzen 7,8,4.2,NVIDIA RTX 3090,180,32,1024,217000
315,HP,MSI IdeaPad 2019,Ryzen 5,6,4.0,NVIDIA RTX 4050,60,16,1024,97000
316,ASUS,ASUS Strix 2022,Ryzen 7,8,4.2,NVIDIA RTX 4090,175,32,512,230000
317,Dell,Dell X 2021,Ryzen 3,4,3.7,NVIDIA RTX 2050,65,16,512,60000
318,Dell,ASUS Gaming 2020,Ryzen 7,8,4.2,NVIDIA RTX 4070,115,24,512,165000
319,ASUS,MSI Gaming 2022,Ryzen 9,12,4.5,NVIDIA RTX 4080,150,32,2048,270000
320,HP,MSI Neo 2023,Ryzen 7,8,4.2,NVIDIA RTX 3060,80,16,512,135000
321,ASUS,Acer Neo 2019,Ryzen 7,8,4.2,NVIDIA RTX 3090,180,24,1024,212000
322,HP,ASUS IdeaPad 2023,Ryzen 3,4,3.7,NVIDIA GTX 1650,50,16,256,50000
323,MSI,Lenovo Legion 2024,Ryzen 3,4,3.7,NVIDIA GTX 1650,50,8,512,50000
324,Dell,Dell Katana 2024,Ryzen 5,6,4.0,NVIDIA RTX 4060,85,16,1024,112000
325,ASUS,HP IdeaPad 2023,Ryzen 9,12,4.5,NVIDIA RTX 4070,115,16,1024,217000
326,MSI,HP Max 2022,Ryzen 7,8,4.2,NVIDIA RTX 3080,150,32,512,180000
327,Lenovo,ASUS Legion 2021,Ryzen 3,4,3.7,NVIDIA GTX 1650,50,8,256,45000
328,Dell,HP Ultra 2019,Ryzen 3,4,3.7,NVIDIA RTX 2050,65,8,512,55000
329,MSI,Acer Katana 2022,Ryzen 9,12,4.5,NVIDIA RTX 3080,150,16,2048,240000
330,ASUS,Lenovo IdeaPad 2021,Ryzen 3,4,3.7,NVIDIA RTX 2050,65,16,256,55000
331,MSI,MSI Plus 2019,Ryzen 5,6,4.0,NVIDIA RTX 4070,115,16,512,120000
332,ASUS,MSI Strix 2022,Ryzen 9,12,4.5,NVIDIA RTX 4090,175,16,512,270000
333,ASUS,MSI Pro 2022,Ryzen 3,4,3.7,NVIDIA RTX 2050,65,16,512,60000
334,MSI,MSI X 2021,Ryzen 7,8,4.2,NVIDIA RTX 3050,60,32,512,135000
335,HP,Dell Ultra 2019,Ryzen 5,6,4.0,NVIDIA RTX 3050,60,16,1024,92000
336,Lenovo,HP IdeaPad 2022,Ryzen 9,12,4.5,NVIDIA RTX 3070,115,32,512,210000
337,Acer,Dell X 2023,Ryzen 5,6,4.0,NVIDIA RTX 4060,85,16,1024,112000
338,Dell,Dell Legion 2022,Ryzen 9,12,4.5,NVIDIA RTX 4090,175,24,2048,295000
339,Acer,MSI X 2020,Ryzen 7,8,4.2,NVIDIA RTX 4050,60,16,1024,137000
340,Dell,Lenovo Max 2024,Ryzen 9,12,4.5,NVIDIA RTX 4090,175,24,512,275000
341,ASUS,HP Gaming 2022,Ryzen 9,12,4.5,NVIDIA RTX 4070,115,24,2048,235000
342,ASUS,ASUS Gaming 2023,Ryzen 7,8,4.2,NVIDIA RTX 3090,180,24,512,205000
343,ASUS,HP Max 2023,Ryzen 7,8,4.2,NVIDIA RTX 3050,60,32,1024,142000
344,Acer,MSI Pro 2022,Ryzen 7,8,4.2,NVIDIA RTX 4080,150,16,512,190000
345,HP,ASUS IdeaPad 2021,Ryzen 3,4,3.7,NVIDIA GTX 1650,50,16,256,50000
346,Lenovo,Acer Katana 2021,Ryzen 5,6,4.0,NVIDIA RTX 4060,85,16,1024,112000
347,MSI,Acer X 2020,Ryzen 7,8,4.2,NVIDIA RTX 3060,80,24,512,140000
348,HP,HP Neo 2023,Ryzen 7,8,4.2,NVIDIA RTX 3050,60,16,1024,132000
349,HP,HP IdeaPad 2019,Ryzen 5,6,4.0,NVIDIA RTX 4050,60,16,256,85000
350,ASUS,Lenovo X 2023,Ryzen 3,4,3.7,NVIDIA GTX 1650,50,16,256,50000
351,Lenovo,HP Ultra 2024,Ryzen 7,8,4.2,NVIDIA RTX 4080,150,32,512,200000
352,Dell,MSI X 2021,Ryzen 9,12,4.5,NVIDIA RTX 3090,180,16,2048,270000
353,Lenovo,HP Neo 2021,Ryzen 3,4,3.7,NVIDIA RTX 2050,65,16,512,60000
354,MSI,MSI X 2019,Ryzen 7,8,4.2,NVIDIA RTX 4070,115,32,1024,177000
355,Lenovo,Acer VivoBook 2023,Ryzen 7,8,4.2,NVIDIA RTX 4080,150,32,1024,207000
356,HP,Acer X 2020,Ryzen 5,6,4.0,NVIDIA RTX 3050,60,16,1024,92000
357,Acer,Dell X 2020,Ryzen 3,4,3.7,NVIDIA GTX 1650,50,16,512,55000
358,Acer,ASUS Pro 2020,Ryzen 3,4,3.7,NVIDIA RTX 2050,65,16,256,55000
359,Dell,MSI Gaming 2021,Ryzen 7,8,4.2,NVIDIA RTX 4080,150,32,1024,207000
360,Acer,Dell X 2024,Ryzen 3,4,3.7,NVIDIA GTX 1650,50,16,256,50000
361,Dell,Acer Pro 2022,Ryzen 7,8,4.2,NVIDIA RTX 3090,180,32,512,210000
362,MSI,Dell VivoBook 2021,Ryzen 7,8,4.2,NVIDIA RTX 4050,60,32,1024,147000
363,ASUS,ASUS Max 2024,Ryzen 5,6,4.0,NVIDIA RTX 3050,60,16,1024,92000
364,Acer,MSI Neo 2020,Ryzen 9,12,4.5,NVIDIA RTX 3080,150,32,512,230000
365,ASUS,Acer Katana 2020,Ryzen 5,6,4.0,NVIDIA RTX 4050,60,16,1024,97000
366,Dell,HP Pro 2021,Ryzen 7,8,4.2,NVIDIA RTX 4090,175,24,512,225000
367,Acer,MSI Max 2023,Ryzen 5,6,4.0,NVIDIA RTX 4070,115,16,512,120000
368,Acer,MSI X 2023,Ryzen 3,4,3.7,NVIDIA RTX 2050,65,16,512,60000
369,Acer,Acer Strix 2023,Ryzen 7,8,4.2,NVIDIA RTX 3060,80,32,512,145000
370,Dell,ASUS Plus 2022,Ryzen 5,6,4.0,NVIDIA RTX 3070,115,16,256,105000
371,Lenovo,HP Katana 2024,Ryzen 7,8,4.2,NVIDIA RTX 4070,115,16,1024,167000
372,Dell,MSI Ultra 2019,Ryzen 5,6,4.0,NVIDIA RTX 4060,85,16,256,100000
373,Lenovo,MSI Katana 2023,Ryzen 3,4,3.7,NVIDIA RTX 2050,65,16,512,60000
374,Lenovo,ASUS Katana 2020,Ryzen 9,12,4.5,NVIDIA RTX 3080,150,16,2048,240000
375,Acer,Lenovo Strix 2023,Ryzen 5,6,4.0,NVIDIA RTX 3060,80,16,256,90000
376,Acer,ASUS VivoBook 2019,Ryzen 9,12,4.5,NVIDIA RTX 4070,115,16,1024,217000
377,Dell,Dell Legion 2022,Ryzen 9,12,4.5,NVIDIA RTX 4090,175,16,1024,277000
378,ASUS,HP VivoBook 2021,Ryzen 3,4,3.7,NVIDIA GTX 1650,50,16,512,55000
379,Lenovo,HP IdeaPad 2021,Ryzen 5,6,4.0,NVIDIA RTX 4070,115,16,512,120000
380,Dell,MSI IdeaPad 2020,Ryzen 3,4,3.7,NVIDIA GTX 1650,50,16,512,55000
381,MSI,Dell X 2023,Ryzen 5,6,4.0,NVIDIA RTX 3060,80,16,256,90000
382,Acer,Dell Ultra 2022,Ryzen 5,6,4.0,NVIDIA RTX 4070,115,16,512,120000
383,Lenovo,Dell Legion 2022,Ryzen 9,12,4.5,NVIDIA RTX 4090,175,24,1024,282000
384,Dell,HP Pro 2024,Ryzen 9,12,4.5,NVIDIA RTX 3080,150,32,2048,250000
385,ASUS,HP Gaming 2022,Ryzen 3,4,3.7,NVIDIA GTX 1650,50,16,256,50000
386,ASUS,HP Legion 2022,Ryzen 7,8,4.2,NVIDIA RTX 4070,115,32,1024,177000
387,Lenovo,MSI X 2019,Ryzen 7,8,4.2,NVIDIA RTX 3090,180,16,1024,207000
388,Acer,ASUS Strix 2023,Ryzen 5,6,4.0,NVIDIA RTX 3050,60,16,512,85000
389,Lenovo,Acer Legion 2020,Ryzen 5,6,4.0,NVIDIA RTX 4050,60,16,256,85000
390,Dell,MSI Plus 2024,Ryzen 9,12,4.5,NVIDIA RTX 3070,115,24,1024,212000
391,Acer,Lenovo X 2023,Ryzen 3,4,3.7,NVIDIA RTX 2050,65,16,512,60000
392,HP,ASUS Ultra 2019,Ryzen 3,4,3.7,NVIDIA GTX 1650,50,8,512,50000
393,MSI,Acer Max 2019,Ryzen 7,8,4.2,NVIDIA RTX 4070,115,24,512,165000
394,Acer,Acer VivoBook 2019,Ryzen 3,4,3.7,NVIDIA RTX 2050,65,16,256,55000
395,Acer,ASUS Pro 2021,Ryzen 9,12,4.5,NVIDIA RTX 4070,115,32,2048,240000
396,HP,Acer X 2021,Ryzen 9,12,4.5,NVIDIA RTX 3080,150,16,2048,240000
397,Lenovo,HP IdeaPad 2020,Ryzen 7,8,4.2,NVIDIA RTX 3090,180,32,1024,217000
398,Acer,Dell Legion 2020,Ryzen 9,12,4.5,NVIDIA RTX 3080,150,24,2048,245000
399,ASUS,Dell VivoBook 2023,Ryzen 9,12,4.5,NVIDIA RTX 4070,115,24,1024,222000
400,ASUS,HP Legion 2020,Ryzen 7,8,4.2,NVIDIA RTX 4080,150,32,512,200000
401,Lenovo,ASUS VivoBook 2024,Ryzen 3,4,3.7,NVIDIA GTX 1650,50,8,256,45000
402,HP,ASUS Strix 2024,Ryzen 9,12,4.5,NVIDIA RTX 4070,115,16,512,210000
403,ASUS,Dell Plus 2021,Ryzen 7,8,4.2,NVIDIA RTX 3070,115,24,512,155000
404,Dell,Lenovo Ultra 2021,Ryzen 7,8,4.2,NVIDIA RTX 4080,150,24,512,195000
405,Dell,Lenovo Plus 2020,Ryzen 3,4,3.7,NVIDIA GTX 1650,50,8,256,45000
406,Acer,Lenovo Gaming 2023,Ryzen 5,6,4.0,NVIDIA RTX 4060,85,16,256,100000
407,Dell,Lenovo Legion 2019,Ryzen 7,8,4.2,NVIDIA RTX 4070,115,24,512,165000
408,ASUS,ASUS VivoBook 2024,Ryzen 9,12,4.5,NVIDIA RTX 4070,115,24,512,215000
409,Lenovo,Acer Legion 2023,Ryzen 7,8,4.2,NVIDIA RTX 3090,180,32,512,210000
410,MSI,HP IdeaPad 2020,Ryzen 3,4,3.7,NVIDIA RTX 2050,65,16,256,55000
411,Lenovo,ASUS X 2021,Ryzen 3,4,3.7,NVIDIA RTX 2050,65,16,256,55000
412,HP,Acer VivoBook 2023,Ryzen 3,4,3.7,NVIDIA GTX 1650,50,16,512,55000
413,Acer,Lenovo Neo 2022,Ryzen 5,6,4.0,NVIDIA RTX 3060,80,16,1024,102000
414,ASUS,Acer Plus 2023,Ryzen 5,6,4.0,NVIDIA RTX 3060,80,16,512,95000
415,Acer,HP Ultra 2019,Ryzen 5,6,4.0,NVIDIA RTX 3060,80,16,1024,102000
416,Dell,HP Ultra 2019,Ryzen 3,4,3.7,NVIDIA RTX 2050,65,8,256,50000
417,HP,Lenovo Plus 2022,Ryzen 7,8,4.2,NVIDIA RTX 4090,175,24,512,225000
418,Lenovo,HP VivoBook 2019,Ryzen 7,8,4.2,NVIDIA RTX 3080,150,24,1024,182000
419,MSI,MSI X 2021,Ryzen 9,12,4.5,NVIDIA RTX 3090,180,16,2048,270000
420,Acer,HP Max 2024,Ryzen 5,6,4.0,NVIDIA RTX 3070,115,16,1024,117000
421,MSI,ASUS Ultra 2023,Ryzen 5,6,4.0,NVIDIA RTX 3060,80,16,256,90000
422,HP,Lenovo Katana 2021,Ryzen 7,8,4.2,NVIDIA RTX 4070,115,16,512,160000
423,Lenovo,Acer Strix 2020,Ryzen 5,6,4.0,NVIDIA RTX 3060,80,16,512,95000
424,Dell,ASUS Gaming 2024,Ryzen 9,12,4.5,NVIDIA RTX 4080,150,32,512,250000
425,ASUS,MSI Ultra 2023,Ryzen 7,8,4.2,NVIDIA RTX 4090,175,32,512,230000
426,HP,ASUS Legion 2020,Ryzen 9,12,4.5,NVIDIA RTX 4090,175,24,2048,295000
427,Acer,Acer Neo 2019,Ryzen 7,8,4.2,NVIDIA RTX 4050,60,24,1024,142000
428,ASUS,Lenovo Pro 2021,Ryzen 7,8,4.2,NVIDIA RTX 4050,60,24,1024,142000
429,Lenovo,HP Ultra 2020,Ryzen 7,8,4.2,NVIDIA RTX 3090,180,24,512,205000
430,Lenovo,HP Ultra 2021,Ryzen 7,8,4.2,NVIDIA RTX 3050,60,32,512,135000
431,Lenovo,HP Max 2022,Ryzen 9,12,4.5,NVIDIA RTX 4080,150,32,1024,257000
432,ASUS,MSI Max 2024,Ryzen 9,12,4.5,NVIDIA RTX 4080,150,24,512,245000
433,HP,ASUS X 2022,Ryzen 9,12,4.5,NVIDIA RTX 3090,180,16,2048,270000
434,Acer,Acer IdeaPad 2021,Ryzen 7,8,4.2,NVIDIA RTX 4050,60,32,512,140000
435,ASUS,MSI IdeaPad 2024,Ryzen 7,8,4.2,NVIDIA RTX 3080,150,16,512,170000
436,Lenovo,Acer X 2021,Ryzen 7,8,4.2,NVIDIA RTX 4050,60,24,512,135000
437,Acer,Dell Max 2021,Ryzen 7,8,4.2,NVIDIA RTX 3050,60,24,512,130000
438,Lenovo,Acer Neo 2024,Ryzen 3,4,3.7,NVIDIA GTX 1650,50,16,256,50000
439,Lenovo,Acer Max 2022,Ryzen 7,8,4.2,NVIDIA RTX 3070,115,16,512,150000
440,ASUS,Acer Legion 2024,Ryzen 3,4,3.7,NVIDIA RTX 2050,65,16,512,60000
441,Lenovo,Acer VivoBook 2021,Ryzen 9,12,4.5,NVIDIA RTX 3090,180,24,512,255000
442,Acer,HP Strix 2024,Ryzen 9,12,4.5,NVIDIA RTX 4080,150,16,1024,247000
443,Dell,HP VivoBook 2020,Ryzen 7,8,4.2,NVIDIA RTX 3050,60,24,1024,137000
444,Dell,Lenovo VivoBook 2024,Ryzen 7,8,4.2,NVIDIA RTX 3080,150,24,1024,182000
445,MSI,Acer Neo 2024,Ryzen 5,6,4.0,NVIDIA RTX 4050,60,16,1024,97000
446,MSI,Lenovo Strix 2023,Ryzen 3,4,3.7,NVIDIA RTX 2050,65,16,512,60000
447,HP,Dell Plus 2023,Ryzen 5,6,4.0,NVIDIA RTX 3070,115,16,512,110000
448,HP,Lenovo Max 2022,Ryzen 7,8,4.2,NVIDIA RTX 3080,150,16,512,170000
449,Dell,MSI Neo 2023,Ryzen 5,6,4.0,NVIDIA RTX 4050,60,16,1024,97000
450,Acer,Lenovo Katana 2019,Ryzen 9,12,4.5,NVIDIA RTX 4090,175,16,2048,290000
451,Dell,Acer IdeaPad 2024,Ryzen 5,6,4.0,NVIDIA RTX 3070,115,16,256,105000
452,HP,Acer Gaming 2023,Ryzen 7,8,4.2,NVIDIA RTX 4080,150,16,512,190000
453,ASUS,Lenovo Gaming 2024,Ryzen 7,8,4.2,NVIDIA RTX 4080,150,16,512,190000
454,Lenovo,Acer X 2020,Ryzen 7,8,4.2,NVIDIA RTX 4090,175,24,1024,232000
455,MSI,Dell VivoBook 2023,Ryzen 7,8,4.2,NVIDIA RTX 3060,80,32,512,145000
456,ASUS,ASUS Neo 2024,Ryzen 5,6,4.0,NVIDIA RTX 4060,85,16,256,100000
457,ASUS,MSI Gaming 2023,Ryzen 9,12,4.5,NVIDIA RTX 3080,150,16,512,220000
458,MSI,Dell Plus 2021,Ryzen 3,4,3.7,NVIDIA RTX 2050,65,16,512,60000
459,ASUS,HP Legion 2023,Ryzen 9,12,4.5,NVIDIA RTX 3070,115,16,2048,220000
460,Lenovo,ASUS X 2023,Ryzen 7,8,4.2,NVIDIA RTX 3070,115,32,512,160000
461,MSI,HP Neo 2019,Ryzen 3,4,3.7,NVIDIA RTX 2050,65,16,256,55000
462,Lenovo,Lenovo Neo 2022,Ryzen 9,12,4.5,NVIDIA RTX 3090,180,32,2048,280000
463,Dell,Acer Pro 2022,Ryzen 5,6,4.0,NVIDIA RTX 3050,60,16,512,85000
464,Acer,Dell X 2021,Ryzen 9,12,4.5,NVIDIA RTX 4070,115,24,1024,222000
465,MSI,Dell IdeaPad 2019,Ryzen 7,8,4.2,NVIDIA RTX 4050,60,32,1024,147000
466,Dell,Dell Plus 2021,Ryzen 7,8,4.2,NVIDIA RTX 3090,180,16,512,200000
467,HP,ASUS VivoBook 2020,Ryzen 3,4,3.7,NVIDIA RTX 2050,65,16,256,55000
468,HP,MSI Max 2024,Ryzen 3,4,3.7,NVIDIA RTX 2050,65,16,512,60000
469,Acer,Lenovo Neo 2024,Ryzen 3,4,3.7,NVIDIA RTX 2050,65,8,512,55000
470,MSI,HP Strix 2022,Ryzen 3,4,3.7,NVIDIA RTX 2050,65,8,512,55000
471,Lenovo,Dell Gaming 2024,Ryzen 3,4,3.7,NVIDIA GTX 1650,50,8,512,50000
472,MSI,ASUS Legion 2020,Ryzen 7,8,4.2,NVIDIA RTX 4050,60,24,512,135000
473,HP,Lenovo X 2022,Ryzen 9,12,4.5,NVIDIA RTX 3070,115,32,1024,217000
474,MSI,ASUS Ultra 2020,Ryzen 5,6,4.0,NVIDIA RTX 3070,115,16,256,105000
475,Lenovo,ASUS Plus 2020,Ryzen 3,4,3.7,NVIDIA RTX 2050,65,8,512,55000
476,Dell,MSI Gaming 2022,Ryzen 7,8,4.2,NVIDIA RTX 3080,150,16,512,170000
477,Dell,Lenovo Pro 2019,Ryzen 7,8,4.2,NVIDIA RTX 3070,115,16,1024,157000
478,ASUS,ASUS Max 2020,Ryzen 9,12,4.5,NVIDIA RTX 3090,180,16,1024,257000
479,MSI,Acer VivoBook 2021,Ryzen 5,6,4.0,NVIDIA RTX 3050,60,16,256,80000
480,Acer,HP Pro 2019,Ryzen 7,8,4.2,NVIDIA RTX 3090,180,16,512,200000
481,Dell,HP X 2019,Ryzen 7,8,4.2,NVIDIA RTX 3080,150,32,1024,187000
482,Dell,HP Max 2023,Ryzen 7,8,4.2,NVIDIA RTX 3080,150,16,512,170000
483,MSI,Dell VivoBook 2022,Ryzen 3,4,3.7,NVIDIA RTX 2050,65,8,256,50000
484,HP,MSI X 2020,Ryzen 5,6,4.0,NVIDIA RTX 4060,85,16,1024,112000
485,HP,MSI Gaming 2022,Ryzen 7,8,4.2,NVIDIA RTX 3050,60,16,512,125000
486,Acer,Acer Pro 2020,Ryzen 3,4,3.7,NVIDIA RTX 2050,65,16,256,55000
487,Lenovo,MSI Ultra 2024,Ryzen 3,4,3.7,NVIDIA GTX 1650,50,16,512,55000
488,Lenovo,Lenovo Pro 2021,Ryzen 9,12,4.5,NVIDIA RTX 4080,150,16,512,240000
489,ASUS,MSI Max 2022,Ryzen 9,12,4.5,NVIDIA RTX 3070,115,24,512,205000
490,MSI,Dell Strix 2024,Ryzen 7,8,4.2,NVIDIA RTX 4060,85,32,512,155000
491,ASUS,MSI Katana 2023,Ryzen 7,8,4.2,NVIDIA RTX 3050,60,24,1024,137000
492,Dell,Lenovo Max 2024,Ryzen 7,8,4.2,NVIDIA RTX 3080,150,24,1024,182000
493,MSI,ASUS Legion 2024,Ryzen 7,8,4.2,NVIDIA RTX 4050,60,16,1024,137000
494,Acer,Acer Pro 2020,Ryzen 3,4,3.7,NVIDIA GTX 1650,50,16,512,55000
495,HP,MSI X 2023,Ryzen 5,6,4.0,NVIDIA RTX 4060,85,16,512,105000
496,MSI,MSI VivoBook 2021,Ryzen 5,6,4.0,NVIDIA RTX 3050,60,16,1024,92000
497,HP,Dell Pro 2024,Ryzen 7,8,4.2,NVIDIA RTX 3050,60,24,512,130000
498,Lenovo,HP Neo 2020,Ryzen 3,4,3.7,NVIDIA GTX 1650,50,16,512,55000
499,ASUS,Lenovo Ultra 2024,Ryzen 9,12,4.5,NVIDIA RTX 4070,115,24,1024,222000
500,ASUS,Acer Legion 2020,Ryzen 9,12,4.5,NVIDIA RTX 3070,115,24,2048,225000
501,HP,Acer Katana 2019,Ryzen 7,8,4.2,NVIDIA RTX 4060,85,32,1024,162000
502,Lenovo,MSI Neo 2022,Ryzen 5,6,4.0,NVIDIA RTX 4060,85,16,1024,112000
503,Lenovo,MSI Gaming 2019,Ryzen 3,4,3.7,NVIDIA RTX 2050,65,16,512,60000
504,Lenovo,ASUS Plus 2019,Ryzen 9,12,4.5,NVIDIA RTX 4080,150,32,2048,270000
505,Acer,MSI Neo 2024,Ryzen 9,12,4.5,NVIDIA RTX 3070,115,24,1024,212000
506,Acer,ASUS Katana 2021,Ryzen 7,8,4.2,NVIDIA RTX 3050,60,16,1024,132000
507,Lenovo,Dell Plus 2023,Ryzen 9,12,4.5,NVIDIA RTX 3070,115,16,512,200000
508,HP,HP X 2023,Ryzen 9,12,4.5,NVIDIA RTX 3080,150,32,2048,250000
509,MSI,MSI VivoBook 2024,Ryzen 3,4,3.7,NVIDIA GTX 1650,50,8,512,50000
510,Dell,Dell Katana 2023,Ryzen 7,8,4.2,NVIDIA RTX 4090,175,24,512,225000
511,Dell,Acer IdeaPad 2021,Ryzen 3,4,3.7,NVIDIA RTX 2050,65,16,512,60000
512,ASUS,Dell VivoBook 2024,Ryzen 5,6,4.0,NVIDIA RTX 4060,85,16,1024,112000
513,Dell,ASUS IdeaPad 2023,Ryzen 5,6,4.0,NVIDIA RTX 3070,115,16,512,110000
514,MSI,MSI Plus 2022,Ryzen 5,6,4.0,NVIDIA RTX 3060,80,16,1024,102000
515,Dell,ASUS Plus 2024,Ryzen 9,12,4.5,NVIDIA RTX 4090,175,16,512,270000
516,Acer,ASUS IdeaPad 2024,Ryzen 9,12,4.5,NVIDIA RTX 4070,115,24,2048,235000
517,ASUS,Acer Plus 2019,Ryzen 5,6,4.0,NVIDIA RTX 4070,115,16,1024,127000
518,ASUS,HP Legion 2020,Ryzen 9,12,4.5,NVIDIA RTX 3070,115,16,1024,207000
519,Lenovo,Lenovo Gaming 2019,Ryzen 9,12,4.5,NVIDIA RTX 3090,180,16,1024,257000
520,ASUS,Acer Strix 2024,Ryzen 3,4,3.7,NVIDIA RTX 2050,65,8,512,55000
521,ASUS,Acer Strix 2022,Ryzen 3,4,3.7,NVIDIA RTX 2050,65,8,512,55000
522,Lenovo,Acer Legion 2021,Ryzen 7,8,4.2,NVIDIA RTX 3090,180,24,1024,212000
523,Lenovo,HP Strix 2024,Ryzen 7,8,4.2,NVIDIA RTX 4070,115,32,1024,177000
524,Lenovo,Lenovo Neo 2024,Ryzen 3,4,3.7,NVIDIA GTX 1650,50,8,256,45000
525,ASUS,HP VivoBook 2019,Ryzen 9,12,4.5,NVIDIA RTX 4080,150,24,1024,252000
526,Acer,Lenovo Gaming 2024,Ryzen 9,12,4.5,NVIDIA RTX 4090,175,16,512,270000
527,Dell,Acer Legion 2021,Ryzen 3,4,3.7,NVIDIA RTX 2050,65,8,256,50000
528,Dell,Lenovo Gaming 2021,Ryzen 9,12,4.5,NVIDIA RTX 4090,175,32,1024,287000
529,HP,ASUS Neo 2020,Ryzen 9,12,4.5,NVIDIA RTX 3080,150,24,2048,245000
530,Acer,Dell Neo 2021,Ryzen 7,8,4.2,NVIDIA RTX 3060,80,16,1024,142000
531,MSI,Lenovo VivoBook 2023,Ryzen 3,4,3.7,NVIDIA RTX 2050,65,8,256,50000
532,Dell,Lenovo Pro 2021,Ryzen 7,8,4.2,NVIDIA RTX 3070,115,16,512,150000
533,HP,HP Max 2024,Ryzen 5,6,4.0,NVIDIA RTX 4070,115,16,256,115000
534,ASUS,Lenovo Plus 2021,Ryzen 7,8,4.2,NVIDIA RTX 3070,115,32,512,160000
535,MSI,Dell X 2019,Ryzen 9,12,4.5,NVIDIA RTX 3070,115,24,512,205000
536,Lenovo,Lenovo Neo 2020,Ryzen 9,12,4.5,NVIDIA RTX 3070,115,16,1024,207000
537,Lenovo,ASUS Pro 2021,Ryzen 7,8,4.2,NVIDIA RTX 4070,115,32,512,170000
538,Lenovo,Lenovo IdeaPad 2024,Ryzen 7,8,4.2,NVIDIA RTX 4090,175,16,1024,227000
539,Lenovo,MSI Katana 2019,Ryzen 7,8,4.2,NVIDIA RTX 4080,150,16,1024,197000
540,Dell,Acer Max 2024,Ryzen 7,8,4.2,NVIDIA RTX 3090,180,32,512,210000
541,Lenovo,ASUS Gaming 2020,Ryzen 3,4,3.7,NVIDIA GTX 1650,50,8,256,45000
542,Dell,HP X 2024,Ryzen 3,4,3.7,NVIDIA GTX 1650,50,16,512,55000
543,ASUS,Dell Neo 2024,Ryzen 9,12,4.5,NVIDIA RTX 4090,175,24,512,275000
544,Acer,HP Neo 2022,Ryzen 9,12,4.5,NVIDIA RTX 3070,115,24,1024,212000
545,Acer,ASUS X 2020,Ryzen 3,4,3.7,NVIDIA RTX 2050,65,8,256,50000
546,ASUS,Acer Neo 2020,Ryzen 3,4,3.7,NVIDIA GTX 1650,50,8,512,50000
547,Acer,Dell Legion 2019,Ryzen 7,8,4.2,NVIDIA RTX 4050,60,16,1024,137000
548,Dell,Acer Pro 2019,Ryzen 5,6,4.0,NVIDIA RTX 4050,60,16,256,85000
549,Dell,ASUS Strix 2020,Ryzen 5,6,4.0,NVIDIA RTX 4070,115,16,1024,127000
550,Acer,MSI Gaming 2024,Ryzen 7,8,4.2,NVIDIA RTX 4070,115,16,1024,167000
551,Lenovo,Acer IdeaPad 2024,Ryzen 7,8,4.2,NVIDIA RTX 3090,180,24,512,205000
552,HP,ASUS Gaming 2020,Ryzen 9,12,4.5,NVIDIA RTX 3080,150,32,1024,237000
553,ASUS,Acer X 2024,Ryzen 7,8,4.2,NVIDIA RTX 4060,85,24,1024,157000
554,Acer,MSI IdeaPad 2019,Ryzen 9,12,4.5,NVIDIA RTX 3070,115,16,512,200000
555,ASUS,Lenovo IdeaPad 2019,Ryzen 7,8,4.2,NVIDIA RTX 4060,85,24,512,150000
556,HP,HP Legion 2024,Ryzen 7,8,4.2,NVIDIA RTX 4090,175,16,1024,227000
557,Acer,HP Max 2023,Ryzen 9,12,4.5,NVIDIA RTX 3090,180,24,2048,275000
558,Lenovo,HP Katana 2019,Ryzen 5,6,4.0,NVIDIA RTX 3060,80,16,512,95000
559,MSI,MSI Ultra 2024,Ryzen 5,6,4.0,NVIDIA RTX 3070,115,16,1024,117000
560,MSI,Lenovo X 2024,Ryzen 3,4,3.7,NVIDIA RTX 2050,65,8,512,55000
561,Acer,Lenovo Katana 2021,Ryzen 5,6,4.0,NVIDIA RTX 4060,85,16,256,100000
562,Acer,MSI VivoBook 2019,Ryzen 9,12,4.5,NVIDIA RTX 4070,115,32,512,220000
563,ASUS,MSI Pro 2024,Ryzen 7,8,4.2,NVIDIA RTX 3090,180,32,1024,217000
564,Acer,Dell Neo 2023,Ryzen 3,4,3.7,NVIDIA RTX 2050,65,8,512,55000
565,Lenovo,Lenovo VivoBook 2020,Ryzen 7,8,4.2,NVIDIA RTX 4050,60,24,512,135000
566,Lenovo,Dell Max 2024,Ryzen 7,8,4.2,NVIDIA RTX 4070,115,32,1024,177000
567,Lenovo,Acer Pro 2024,Ryzen 5,6,4.0,NVIDIA RTX 4050,60,16,512,90000
568,HP,HP Max 2024,Ryzen 5,6,4.0,NVIDIA RTX 3060,80,16,1024,102000
569,Acer,Lenovo Max 2022,Ryzen 7,8,4.2,NVIDIA RTX 4090,175,16,512,220000
570,Lenovo,ASUS Strix 2024,Ryzen 5,6,4.0,NVIDIA RTX 3070,115,16,512,110000
571,ASUS,Dell Neo 2019,Ryzen 5,6,4.0,NVIDIA RTX 4070,115,16,256,115000
572,Acer,MSI Legion 2019,Ryzen 3,4,3.7,NVIDIA RTX 2050,65,8,512,55000
573,MSI,HP Neo 2024,Ryzen 5,6,4.0,NVIDIA RTX 3070,115,16,1024,117000
574,ASUS,Acer Katana 2024,Ryzen 5,6,4.0,NVIDIA RTX 3070,115,16,1024,117000
575,Dell,HP Neo 2023,Ryzen 9,12,4.5,NVIDIA RTX 3070,115,16,2048,220000
576,Lenovo,Lenovo Legion 2020,Ryzen 5,6,4.0,NVIDIA RTX 3060,80,16,1024,102000
577,HP,MSI X 2021,Ryzen 9,12,4.5,NVIDIA RTX 4070,115,32,1024,227000
578,ASUS,HP VivoBook 2023,Ryzen 5,6,4.0,NVIDIA RTX 4060,85,16,256,100000
579,ASUS,MSI Ultra 2023,Ryzen 3,4,3.7,NVIDIA RTX 2050,65,8,512,55000
580,Lenovo,HP IdeaPad 2021,Ryzen 9,12,4.5,NVIDIA RTX 3090,180,32,512,260000
581,Lenovo,MSI Plus 2020,Ryzen 7,8,4.2,NVIDIA RTX 3050,60,24,512,130000
582,MSI,Acer Gaming 2023,Ryzen 5,6,4.0,NVIDIA RTX 4060,85,16,512,105000
583,Dell,Lenovo IdeaPad 2024,Ryzen 5,6,4.0,NVIDIA RTX 3070,115,16,256,105000
584,Lenovo,MSI Plus 2022,Ryzen 9,12,4.5,NVIDIA RTX 4080,150,16,1024,247000
585,HP,ASUS Max 2021,Ryzen 9,12,4.5,NVIDIA RTX 4090,175,32,2048,300000
586,HP,Dell X 2019,Ryzen 9,12,4.5,NVIDIA RTX 4090,175,24,512,275000
587,Acer,HP IdeaPad 2024,Ryzen 3,4,3.7,NVIDIA RTX 2050,65,8,256,50000
588,ASUS,Acer IdeaPad 2021,Ryzen 3,4,3.7,NVIDIA GTX 1650,50,8,512,50000
589,Dell,Dell Legion 2023,Ryzen 5,6,4.0,NVIDIA RTX 4070,115,16,256,115000
590,Lenovo,ASUS Pro 2019,Ryzen 9,12,4.5,NVIDIA RTX 3080,150,16,512,220000
591,HP,Lenovo VivoBook 2021,Ryzen 9,12,4.5,NVIDIA RTX 3090,180,24,2048,275000
592,Lenovo,HP Neo 2023,Ryzen 3,4,3.7,NVIDIA GTX 1650,50,8,512,50000
593,Lenovo,HP Neo 2021,Ryzen 5,6,4.0,NVIDIA RTX 3050,60,16,512,85000
594,Acer,Acer Gaming 2023,Ryzen 7,8,4.2,NVIDIA RTX 4080,150,32,1024,207000
595,MSI,HP Katana 2021,Ryzen 5,6,4.0,NVIDIA RTX 3050,60,16,1024,92000
596,HP,Lenovo Ultra 2024,Ryzen 5,6,4.0,NVIDIA RTX 4050,60,16,1024,97000
597,Acer,HP Strix 2020,Ryzen 7,8,4.2,NVIDIA RTX 4070,115,24,1024,172000
598,HP,MSI X 2024,Ryzen 9,12,4.5,NVIDIA RTX 4070,115,32,2048,240000
599,ASUS,HP Strix 2019,Ryzen 9,12,4.5,NVIDIA RTX 4070,115,16,512,210000
600,Acer,Lenovo Gaming 2019,Ryzen 9,12,4.5,NVIDIA RTX 4080,150,16,2048,260000
601,Dell,Dell Neo 2020,Ryzen 3,4,3.7,NVIDIA GTX 1650,50,8,512,50000
602,HP,ASUS X 2023,Ryzen 5,6,4.0,NVIDIA RTX 4070,115,16,1024,127000
603,HP,Acer IdeaPad 2024,Ryzen 5,6,4.0,NVIDIA RTX 3060,80,16,512,95000
604,Dell,Dell Plus 2021,Ryzen 7,8,4.2,NVIDIA RTX 4050,60,16,512,130000
605,MSI,HP Plus 2024,Ryzen 7,8,4.2,NVIDIA RTX 4090,175,32,512,230000
606,Acer,HP X 2022,Ryzen 9,12,4.5,NVIDIA RTX 4080,150,32,2048,270000
607,ASUS,MSI Plus 2023,Ryzen 3,4,3.7,NVIDIA GTX 1650,50,16,256,50000
608,ASUS,Dell Legion 2019,Ryzen 9,12,4.5,NVIDIA RTX 4080,150,32,1024,257000
609,Dell,MSI VivoBook 2022,Ryzen 5,6,4.0,NVIDIA RTX 3060,80,16,512,95000
610,ASUS,HP X 2020,Ryzen 3,4,3.7,NVIDIA RTX 2050,65,8,512,55000
611,HP,ASUS Neo 2022,Ryzen 3,4,3.7,NVIDIA RTX 2050,65,8,512,55000
612,HP,ASUS Max 2019,Ryzen 7,8,4.2,NVIDIA RTX 3080,150,24,512,175000
613,HP,HP Pro 2022,Ryzen 7,8,4.2,NVIDIA RTX 4070,115,32,512,170000
614,HP,Dell X 2020,Ryzen 9,12,4.5,NVIDIA RTX 4080,150,32,2048,270000
615,Dell,ASUS Plus 2019,Ryzen 5,6,4.0,NVIDIA RTX 3070,115,16,512,110000
616,Lenovo,Dell IdeaPad 2022,Ryzen 7,8,4.2,NVIDIA RTX 3060,80,24,1024,147000
617,ASUS,Dell Strix 2019,Ryzen 5,6,4.0,NVIDIA RTX 4050,60,16,512,90000
618,MSI,HP Gaming 2020,Ryzen 9,12,4.5,NVIDIA RTX 4080,150,16,1024,247000
619,HP,Lenovo Legion 2019,Ryzen 5,6,4.0,NVIDIA RTX 4070,115,16,256,115000
620,Lenovo,Lenovo IdeaPad 2019,Ryzen 7,8,4.2,NVIDIA RTX 3090,180,32,1024,217000
621,HP,Lenovo Max 2023,Ryzen 7,8,4.2,NVIDIA RTX 4050,60,16,1024,137000
622,HP,Dell Ultra 2024,Ryzen 7,8,4.2,NVIDIA RTX 3070,115,24,512,155000
623,Lenovo,Lenovo VivoBook 2019,Ryzen 5,6,4.0,NVIDIA RTX 4070,115,16,512,120000
624,HP,Acer Gaming 2022,Ryzen 7,8,4.2,NVIDIA RTX 4070,115,24,1024,172000
625,Dell,ASUS Ultra 2020,Ryzen 5,6,4.0,NVIDIA RTX 4060,85,16,1024,112000
626,MSI,ASUS Plus 2019,Ryzen 3,4,3.7,NVIDIA GTX 1650,50,16,256,50000
627,Acer,Acer Neo 2022,Ryzen 3,4,3.7,NVIDIA RTX 2050,65,8,256,50000
628,Lenovo,HP Strix 2021,Ryzen 9,12,4.5,NVIDIA RTX 4080,150,16,1024,247000
629,Acer,Lenovo Ultra 2023,Ryzen 3,4,3.7,NVIDIA RTX 2050,65,8,512,55000
630,ASUS,Lenovo Legion 2022,Ryzen 5,6,4.0,NVIDIA RTX 3070,115,16,1024,117000
631,MSI,Acer Katana 2021,Ryzen 3,4,3.7,NVIDIA RTX 2050,65,8,512,55000
632,Dell,ASUS Legion 2020,Ryzen 3,4,3.7,NVIDIA GTX 1650,50,8,256,45000
633,Lenovo,ASUS IdeaPad 2021,Ryzen 9,12,4.5,NVIDIA RTX 3090,180,24,1024,262000
634,Dell,Acer Katana 2023,Ryzen 9,12,4.5,NVIDIA RTX 3090,180,32,512,260000
635,Lenovo,Lenovo Katana 2021,Ryzen 7,8,4.2,NVIDIA RTX 3090,180,32,1024,217000
636,ASUS,Dell Max 2024,Ryzen 3,4,3.7,NVIDIA RTX 2050,65,16,512,60000
637,Lenovo,Dell Plus 2023,Ryzen 3,4,3.7,NVIDIA RTX 2050,65,16,256,55000
638,ASUS,ASUS Gaming 2024,Ryzen 5,6,4.0,NVIDIA RTX 4060,85,16,512,105000
639,Dell,Dell Pro 2021,Ryzen 9,12,4.5,NVIDIA RTX 4080,150,24,1024,252000
640,ASUS,Acer IdeaPad 2024,Ryzen 3,4,3.7,NVIDIA GTX 1650,50,16,256,50000
641,Dell,MSI Katana 2023,Ryzen 9,12,4.5,NVIDIA RTX 4090,175,16,512,270000
642,HP,Lenovo Pro 2024,Ryzen 5,6,4.0,NVIDIA RTX 4070,115,16,256,115000
643,Acer,ASUS Legion 2024,Ryzen 5,6,4.0,NVIDIA RTX 3070,115,16,512,110000
644,MSI,Dell Legion 2020,Ryzen 9,12,4.5,NVIDIA RTX 4090,175,24,512,275000
645,ASUS,Dell Pro 2019,Ryzen 3,4,3.7,NVIDIA RTX 2050,65,8,256,50000
646,MSI,HP VivoBook 2023,Ryzen 5,6,4.0,NVIDIA RTX 4070,115,16,512,120000
647,MSI,ASUS Legion 2024,Ryzen 7,8,4.2,NVIDIA RTX 3080,150,32,512,180000
648,Acer,Acer Pro 2022,Ryzen 9,12,4.5,NVIDIA RTX 3080,150,32,1024,237000
649,Lenovo,Acer Ultra 2022,Ryzen 9,12,4.5,NVIDIA RTX 3090,180,24,512,255000
650,HP,Acer Gaming 2020,Ryzen 9,12,4.5,NVIDIA RTX 4090,175,16,2048,290000
651,ASUS,MSI Legion 2021,Ryzen 9,12,4.5,NVIDIA RTX 3080,150,32,1024,237000
652,ASUS,Lenovo IdeaPad 2024,Ryzen 5,6,4.0,NVIDIA RTX 3050,60,16,256,80000
653,Dell,HP Max 2020,Ryzen 9,12,4.5,NVIDIA RTX 4070,115,32,1024,227000
654,Lenovo,MSI Neo 2022,Ryzen 7,8,4.2,NVIDIA RTX 3090,180,32,1024,217000
655,MSI,Dell VivoBook 2021,Ryzen 7,8,4.2,NVIDIA RTX 4070,115,32,1024,177000
656,Lenovo,MSI Gaming 2023,Ryzen 5,6,4.0,NVIDIA RTX 3070,115,16,256,105000
657,HP,Dell VivoBook 2019,Ryzen 7,8,4.2,NVIDIA RTX 4090,175,24,1024,232000
658,MSI,Dell Pro 2021,Ryzen 3,4,3.7,NVIDIA GTX 1650,50,16,256,50000
659,ASUS,Acer Pro 2020,Ryzen 7,8,4.2,NVIDIA RTX 4090,175,16,1024,227000
660,Acer,MSI Max 2019,Ryzen 5,6,4.0,NVIDIA RTX 3050,60,16,256,80000
661,Lenovo,Lenovo VivoBook 2020,Ryzen 5,6,4.0,NVIDIA RTX 4060,85,16,256,100000
662,ASUS,ASUS Legion 2023,Ryzen 9,12,4.5,NVIDIA RTX 4080,150,16,2048,260000
663,Lenovo,MSI Neo 2020,Ryzen 7,8,4.2,NVIDIA RTX 3080,150,32,1024,187000
664,Acer,Dell VivoBook 2022,Ryzen 9,12,4.5,NVIDIA RTX 3080,150,32,512,230000
665,HP,Lenovo X 2023,Ryzen 3,4,3.7,NVIDIA RTX 2050,65,8,512,55000
666,Acer,HP IdeaPad 2024,Ryzen 7,8,4.2,NVIDIA RTX 4060,85,16,1024,152000
667,Dell,MSI Ultra 2022,Ryzen 5,6,4.0,NVIDIA RTX 3070,115,16,512,110000
668,Dell,MSI Pro 2024,Ryzen 7,8,4.2,NVIDIA RTX 4050,60,24,1024,142000
669,ASUS,MSI Ultra 2020,Ryzen 9,12,4.5,NVIDIA RTX 3090,180,24,1024,262000
670,Dell,ASUS X 2020,Ryzen 5,6,4.0,NVIDIA RTX 3060,80,16,512,95000
671,Acer,Dell Pro 2022,Ryzen 5,6,4.0,NVIDIA RTX 4060,85,16,256,100000
672,Dell,Dell Strix 2019,Ryzen 3,4,3.7,NVIDIA GTX 1650,50,16,512,55000
673,Lenovo,HP Katana 2022,Ryzen 3,4,3.7,NVIDIA RTX 2050,65,8,512,55000
674,HP,Acer Katana 2024,Ryzen 9,12,4.5,NVIDIA RTX 3080,150,16,1024,227000
675,MSI,Dell IdeaPad 2021,Ryzen 5,6,4.0,NVIDIA RTX 4050,60,16,512,90000
676,Lenovo,Dell Gaming 2022,Ryzen 7,8,4.2,NVIDIA RTX 4060,85,24,1024,157000
677,HP,ASUS VivoBook 2024,Ryzen 7,8,4.2,NVIDIA RTX 3060,80,32,1024,152000
678,Dell,Dell IdeaPad 2024,Ryzen 3,4,3.7,NVIDIA GTX 1650,50,8,512,50000
679,MSI,HP Legion 2020,Ryzen 7,8,4.2,NVIDIA RTX 4070,115,32,1024,177000
680,Acer,HP X 2022,Ryzen 9,12,4.5,NVIDIA RTX 3090,180,16,2048,270000
681,Acer,HP Ultra 2021,Ryzen 3,4,3.7,NVIDIA GTX 1650,50,16,512,55000
682,HP,HP Katana 2021,Ryzen 3,4,3.7,NVIDIA GTX 1650,50,8,256,45000
683,Acer,Acer Gaming 2020,Ryzen 5,6,4.0,NVIDIA RTX 3060,80,16,512,95000
684,Lenovo,HP Max 2024,Ryzen 3,4,3.7,NVIDIA GTX 1650,50,8,512,50000
685,Lenovo,Dell Legion 2021,Ryzen 3,4,3.7,NVIDIA RTX 2050,65,8,256,50000
686,Lenovo,MSI Katana 2020,Ryzen 3,4,3.7,NVIDIA RTX 2050,65,8,512,55000
687,MSI,HP Plus 2021,Ryzen 5,6,4.0,NVIDIA RTX 3070,115,16,256,105000
688,Lenovo,HP IdeaPad 2020,Ryzen 5,6,4.0,NVIDIA RTX 3060,80,16,512,95000
689,MSI,Dell Neo 2023,Ryzen 5,6,4.0,NVIDIA RTX 3050,60,16,512,85000
690,MSI,HP VivoBook 2023,Ryzen 9,12,4.5,NVIDIA RTX 3070,115,32,512,210000
691,Lenovo,Lenovo Neo 2019,Ryzen 9,12,4.5,NVIDIA RTX 4090,175,32,2048,300000
692,ASUS,Lenovo Strix 2020,Ryzen 3,4,3.7,NVIDIA RTX 2050,65,16,256,55000
693,HP,Dell Legion 2021,Ryzen 9,12,4.5,NVIDIA RTX 3090,180,16,2048,270000
694,MSI,ASUS Ultra 2021,Ryzen 9,12,4.5,NVIDIA RTX 3070,115,16,512,200000
695,HP,Dell Neo 2019,Ryzen 3,4,3.7,NVIDIA GTX 1650,50,8,256,45000
696,ASUS,ASUS Ultra 2024,Ryzen 7,8,4.2,NVIDIA RTX 4050,60,24,1024,142000
697,ASUS,Acer Ultra 2024,Ryzen 7,8,4.2,NVIDIA RTX 3050,60,24,512,130000
698,ASUS,Lenovo IdeaPad 2022,Ryzen 5,6,4.0,NVIDIA RTX 3070,115,16,512,110000
699,Acer,MSI X 2019,Ryzen 3,4,3.7,NVIDIA GTX 1650,50,16,512,55000
700,MSI,Lenovo Legion 2023,Ryzen 3,4,3.7,NVIDIA GTX 1650,50,16,256,50000
701,Acer,Acer Katana 2024,Ryzen 7,8,4.2,NVIDIA RTX 4080,150,16,512,190000
702,HP,HP Neo 2023,Ryzen 9,12,4.5,NVIDIA RTX 3090,180,32,512,260000
703,MSI,HP Pro 2024,Ryzen 7,8,4.2,NVIDIA RTX 4050,60,16,1024,137000
704,Dell,MSI Gaming 2024,Ryzen 7,8,4.2,NVIDIA RTX 4050,60,24,1024,142000
705,Acer,Acer IdeaPad 2020,Ryzen 3,4,3.7,NVIDIA GTX 1650,50,8,256,45000
706,HP,Acer Strix 2024,Ryzen 7,8,4.2,NVIDIA RTX 4070,115,24,512,165000
707,ASUS,Dell Strix 2022,Ryzen 3,4,3.7,NVIDIA GTX 1650,50,8,256,45000
708,HP,ASUS Pro 2019,Ryzen 7,8,4.2,NVIDIA RTX 3080,150,32,1024,187000
709,HP,Dell Strix 2022,Ryzen 3,4,3.7,NVIDIA GTX 1650,50,16,512,55000
710,MSI,MSI Legion 2024,Ryzen 5,6,4.0,NVIDIA RTX 3060,80,16,512,95000
711,Dell,Lenovo Max 2023,Ryzen 3,4,3.7,NVIDIA RTX 2050,65,16,256,55000
712,Acer,ASUS Neo 2019,Ryzen 9,12,4.5,NVIDIA RTX 3090,180,32,1024,267000
713,HP,ASUS VivoBook 2022,Ryzen 7,8,4.2,NVIDIA RTX 3050,60,24,512,130000
714,MSI,Dell Katana 2019,Ryzen 5,6,4.0,NVIDIA RTX 4060,85,16,512,105000
715,Acer,Lenovo Ultra 2023,Ryzen 9,12,4.5,NVIDIA RTX 4080,150,24,1024,252000
716,Acer,Lenovo IdeaPad 2022,Ryzen 9,12,4.5,NVIDIA RTX 3080,150,16,512,220000
717,Lenovo,Dell IdeaPad 2019,Ryzen 3,4,3.7,NVIDIA RTX 2050,65,8,512,55000
718,Lenovo,Acer Max 2020,Ryzen 9,12,4.5,NVIDIA RTX 3080,150,16,1024,227000
719,HP,HP Strix 2023,Ryzen 3,4,3.7,NVIDIA RTX 2050,65,16,512,60000
720,ASUS,ASUS Ultra 2023,Ryzen 3,4,3.7,NVIDIA GTX 1650,50,16,512,55000
721,Dell,Lenovo Neo 2021,Ryzen 7,8,4.2,NVIDIA RTX 4090,175,16,1024,227000
722,Dell,HP Ultra 2024,Ryzen 9,12,4.5,NVIDIA RTX 4090,175,24,2048,295000
723,ASUS,ASUS Ultra 2022,Ryzen 5,6,4.0,NVIDIA RTX 3050,60,16,256,80000
724,Acer,Acer Legion 2023,Ryzen 3,4,3.7,NVIDIA RTX 2050,65,8,256,50000
725,ASUS,HP IdeaPad 2023,Ryzen 3,4,3.7,NVIDIA GTX 1650,50,16,512,55000
726,HP,MSI Max 2021,Ryzen 5,6,4.0,NVIDIA RTX 3060,80,16,512,95000
727,ASUS,HP Katana 2024,Ryzen 5,6,4.0,NVIDIA RTX 4060,85,16,512,105000
728,ASUS,ASUS VivoBook 2021,Ryzen 7,8,4.2,NVIDIA RTX 4080,150,16,1024,197000
729,MSI,HP IdeaPad 2019,Ryzen 9,12,4.5,NVIDIA RTX 3090,180,32,1024,267000
730,HP,MSI VivoBook 2021,Ryzen 7,8,4.2,NVIDIA RTX 3050,60,32,512,135000
731,MSI,ASUS Ultra 2024,Ryzen 9,12,4.5,NVIDIA RTX 4070,115,16,2048,230000
732,Dell,HP Gaming 2021,Ryzen 5,6,4.0,NVIDIA RTX 4060,85,16,1024,112000
733,MSI,Acer Neo 2024,Ryzen 3,4,3.7,NVIDIA GTX 1650,50,16,256,50000
734,Dell,Acer Neo 2024,Ryzen 3,4,3.7,NVIDIA RTX 2050,65,8,256,50000
735,ASUS,Dell Max 2024,Ryzen 9,12,4.5,NVIDIA RTX 4080,150,16,2048,260000
736,HP,Lenovo Pro 2024,Ryzen 3,4,3.7,NVIDIA GTX 1650,50,16,256,50000
737,MSI,Lenovo VivoBook 2021,Ryzen 3,4,3.7,NVIDIA RTX 2050,65,16,512,60000
738,Acer,Dell Neo 2024,Ryzen 5,6,4.0,NVIDIA RTX 4070,115,16,512,120000
739,Lenovo,HP Strix 2021,Ryzen 5,6,4.0,NVIDIA RTX 4070,115,16,512,120000
740,MSI,Acer Neo 2022,Ryzen 5,6,4.0,NVIDIA RTX 3050,60,16,512,85000
741,ASUS,Dell Gaming 2021,Ryzen 9,12,4.5,NVIDIA RTX 3090,180,24,1024,262000
742,MSI,HP VivoBook 2020,Ryzen 9,12,4.5,NVIDIA RTX 4080,150,32,2048,270000
743,ASUS,Lenovo Ultra 2021,Ryzen 7,8,4.2,NVIDIA RTX 3080,150,24,512,175000
744,MSI,Dell Neo 2024,Ryzen 7,8,4.2,NVIDIA RTX 3050,60,16,1024,132000
745,ASUS,HP Max 2024,Ryzen 9,12,4.5,NVIDIA RTX 4070,115,16,1024,217000
746,ASUS,HP VivoBook 2021,Ryzen 5,6,4.0,NVIDIA RTX 4050,60,16,256,85000
747,Dell,HP Plus 2020,Ryzen 3,4,3.7,NVIDIA GTX 1650,50,8,256,45000
748,Dell,MSI Plus 2023,Ryzen 7,8,4.2,NVIDIA RTX 3050,60,16,512,125000
749,ASUS,ASUS Gaming 2023,Ryzen 3,4,3.7,NVIDIA GTX 1650,50,16,256,50000
750,Acer,HP Legion 2022,Ryzen 3,4,3.7,NVIDIA GTX 1650,50,8,256,45000
751,ASUS,MSI Max 2022,Ryzen 3,4,3.7,NVIDIA RTX 2050,65,16,256,55000
752,MSI,HP Ultra 2022,Ryzen 5,6,4.0,NVIDIA RTX 4060,85,16,256,100000
753,Lenovo,Acer Katana 2023,Ryzen 5,6,4.0,NVIDIA RTX 3050,60,16,1024,92000
754,ASUS,Dell VivoBook 2023,Ryzen 3,4,3.7,NVIDIA RTX 2050,65,8,512,55000
755,Lenovo,Dell Pro 2020,Ryzen 7,8,4.2,NVIDIA RTX 4070,115,32,1024,177000
756,Lenovo,Dell Ultra 2024,Ryzen 3,4,3.7,NVIDIA RTX 2050,65,16,256,55000
757,HP,Lenovo Pro 2024,Ryzen 5,6,4.0,NVIDIA RTX 4060,85,16,256,100000
758,HP,Lenovo Strix 2019,Ryzen 5,6,4.0,NVIDIA RTX 4060,85,16,512,105000
759,HP,HP IdeaPad 2022,Ryzen 5,6,4.0,NVIDIA RTX 3050,60,16,1024,92000
760,Dell,ASUS Legion 2019,Ryzen 5,6,4.0,NVIDIA RTX 3070,115,16,256,105000
761,Lenovo,HP Plus 2023,Ryzen 3,4,3.7,NVIDIA GTX 1650,50,8,512,50000
762,HP,ASUS Ultra 2024,Ryzen 3,4,3.7,NVIDIA GTX 1650,50,8,512,50000
763,HP,Acer Max 2021,Ryzen 7,8,4.2,NVIDIA RTX 3070,115,32,512,160000
764,Dell,HP Ultra 2024,Ryzen 9,12,4.5,NVIDIA RTX 3070,115,16,512,200000
765,Acer,Lenovo Plus 2019,Ryzen 9,12,4.5,NVIDIA RTX 3070,115,16,512,200000
766,ASUS,MSI Legion 2021,Ryzen 7,8,4.2,NVIDIA RTX 4080,150,32,1024,207000
767,ASUS,Dell Legion 2021,Ryzen 7,8,4.2,NVIDIA RTX 3050,60,32,512,135000
768,Dell,HP X 2021,Ryzen 7,8,4.2,NVIDIA RTX 4050,60,24,512,135000
769,MSI,Lenovo X 2024,Ryzen 7,8,4.2,NVIDIA RTX 4090,175,24,512,225000
770,Acer,Acer VivoBook 2021,Ryzen 7,8,4.2,NVIDIA RTX 3060,80,24,1024,147000
771,MSI,ASUS Neo 2020,Ryzen 3,4,3.7,NVIDIA RTX 2050,65,16,256,55000
772,Lenovo,HP X 2024,Ryzen 3,4,3.7,NVIDIA GTX 1650,50,16,256,50000
773,HP,Lenovo Max 2020,Ryzen 7,8,4.2,NVIDIA RTX 4050,60,16,1024,137000
774,Lenovo,ASUS Legion 2019,Ryzen 3,4,3.7,NVIDIA RTX 2050,65,8,256,50000
775,Dell,Acer Gaming 2022,Ryzen 5,6,4.0,NVIDIA RTX 3060,80,16,512,95000
776,MSI,Lenovo Ultra 2019,Ryzen 5,6,4.0,NVIDIA RTX 4070,115,16,1024,127000
777,MSI,MSI X 2024,Ryzen 5,6,4.0,NVIDIA RTX 3060,80,16,256,90000
778,Lenovo,HP Plus 2021,Ryzen 3,4,3.7,NVIDIA GTX 1650,50,16,512,55000
779,MSI,Acer Gaming 2019,Ryzen 3,4,3.7,NVIDIA RTX 2050,65,8,256,50000
780,Acer,HP Katana 2022,Ryzen 7,8,4.2,NVIDIA RTX 3050,60,16,512,125000
781,Lenovo,Lenovo Ultra 2024,Ryzen 7,8,4.2,NVIDIA RTX 3060,80,24,1024,147000
782,HP,ASUS Strix 2023,Ryzen 9,12,4.5,NVIDIA RTX 4070,115,32,2048,240000
783,ASUS,ASUS X 2024,Ryzen 9,12,4.5,NVIDIA RTX 4090,175,32,512,280000
784,Dell,ASUS Gaming 2019,Ryzen 7,8,4.2,NVIDIA RTX 4050,60,32,512,140000
785,Dell,Lenovo VivoBook 2020,Ryzen 7,8,4.2,NVIDIA RTX 4090,175,32,512,230000
786,Acer,HP Neo 2021,Ryzen 5,6,4.0,NVIDIA RTX 3070,115,16,1024,117000
787,HP,MSI Legion 2022,Ryzen 3,4,3.7,NVIDIA RTX 2050,65,16,512,60000
788,HP,ASUS Max 2024,Ryzen 9,12,4.5,NVIDIA RTX 4090,175,16,512,270000
789,ASUS,ASUS Katana 2019,Ryzen 3,4,3.7,NVIDIA RTX 2050,65,8,256,50000
790,ASUS,ASUS Plus 2019,Ryzen 5,6,4.0,NVIDIA RTX 4070,115,16,1024,127000
791,HP,HP Pro 2020,Ryzen 9,12,4.5,NVIDIA RTX 4090,175,16,512,270000
792,MSI,Acer Max 2023,Ryzen 9,12,4.5,NVIDIA RTX 4090,175,16,512,270000
793,HP,HP Pro 2020,Ryzen 3,4,3.7,NVIDIA RTX 2050,65,8,512,55000
794,Lenovo,MSI Max 2022,Ryzen 3,4,3.7,NVIDIA RTX 2050,65,8,256,50000
795,MSI,Acer Pro 2022,Ryzen 5,6,4.0,NVIDIA RTX 3070,115,16,1024,117000
796,HP,ASUS Plus 2020,Ryzen 9,12,4.5,NVIDIA RTX 4090,175,16,512,270000
797,Dell,Dell Neo 2021,Ryzen 5,6,4.0,NVIDIA RTX 4060,85,16,1024,112000
798,HP,HP IdeaPad 2020,Ryzen 7,8,4.2,NVIDIA RTX 4060,85,24,1024,157000
799,Acer,Dell Neo 2024,Ryzen 9,12,4.5,NVIDIA RTX 3070,115,24,2048,225000
800,HP,Dell IdeaPad 2024,Ryzen 9,12,4.5,NVIDIA RTX 4070,115,16,512,210000
801,Lenovo,MSI Gaming 2024,Ryzen 9,12,4.5,NVIDIA RTX 3090,180,16,1024,257000
802,MSI,Acer IdeaPad 2024,Ryzen 9,12,4.5,NVIDIA RTX 3080,150,32,2048,250000
803,Acer,Acer Katana 2024,Ryzen 9,12,4.5,NVIDIA RTX 4090,175,24,1024,282000
804,Lenovo,Dell Legion 2022,Ryzen 7,8,4.2,NVIDIA RTX 3090,180,32,512,210000
805,Dell,ASUS Max 2023,Ryzen 5,6,4.0,NVIDIA RTX 3060,80,16,1024,102000
806,ASUS,Acer Pro 2019,Ryzen 3,4,3.7,NVIDIA GTX 1650,50,16,512,55000
807,Lenovo,ASUS Strix 2022,Ryzen 7,8,4.2,NVIDIA RTX 3060,80,32,1024,152000
808,Acer,ASUS Neo 2020,Ryzen 5,6,4.0,NVIDIA RTX 4050,60,16,1024,97000
809,HP,Lenovo Max 2019,Ryzen 5,6,4.0,NVIDIA RTX 3050,60,16,256,80000
810,Acer,ASUS X 2019,Ryzen 9,12,4.5,NVIDIA RTX 3080,150,16,2048,240000
811,ASUS,Lenovo VivoBook 2023,Ryzen 7,8,4.2,NVIDIA RTX 3050,60,24,1024,137000
812,MSI,Acer Pro 2022,Ryzen 5,6,4.0,NVIDIA RTX 3070,115,16,1024,117000
813,ASUS,Dell Pro 2023,Ryzen 9,12,4.5,NVIDIA RTX 4070,115,16,512,210000
814,HP,ASUS Max 2022,Ryzen 5,6,4.0,NVIDIA RTX 3070,115,16,1024,117000
815,Lenovo,Acer Max 2024,Ryzen 3,4,3.7,NVIDIA RTX 2050,65,16,512,60000
816,Dell,ASUS Legion 2022,Ryzen 5,6,4.0,NVIDIA RTX 4060,85,16,256,100000
817,Dell,ASUS X 2021,Ryzen 5,6,4.0,NVIDIA RTX 4070,115,16,256,115000
818,Lenovo,ASUS IdeaPad 2023,Ryzen 3,4,3.7,NVIDIA RTX 2050,65,8,256,50000
819,HP,ASUS Pro 2023,Ryzen 3,4,3.7,NVIDIA GTX 1650,50,8,256,45000
820,MSI,Dell Katana 2021,Ryzen 7,8,4.2,NVIDIA RTX 3050,60,24,512,130000
821,HP,ASUS X 2019,Ryzen 3,4,3.7,NVIDIA GTX 1650,50,8,256,45000
822,HP,Acer Katana 2020,Ryzen 7,8,4.2,NVIDIA RTX 3080,150,16,512,170000
823,Dell,HP VivoBook 2024,Ryzen 7,8,4.2,NVIDIA RTX 4090,175,16,1024,227000
824,Acer,Lenovo Max 2019,Ryzen 7,8,4.2,NVIDIA RTX 4080,150,16,512,190000
825,ASUS,Acer Ultra 2020,Ryzen 9,12,4.5,NVIDIA RTX 4080,150,24,2048,265000
826,Acer,HP Legion 2020,Ryzen 9,12,4.5,NVIDIA RTX 4080,150,16,2048,260000
827,HP,Lenovo Neo 2021,Ryzen 3,4,3.7,NVIDIA RTX 2050,65,8,256,50000
828,Dell,ASUS Katana 2023,Ryzen 7,8,4.2,NVIDIA RTX 4060,85,16,1024,152000
829,ASUS,Acer Max 2022,Ryzen 5,6,4.0,NVIDIA RTX 3050,60,16,512,85000
830,Acer,MSI Pro 2020,Ryzen 3,4,3.7,NVIDIA GTX 1650,50,16,256,50000
831,MSI,MSI Gaming 2024,Ryzen 9,12,4.5,NVIDIA RTX 3070,115,24,512,205000
832,Lenovo,Dell Pro 2022,Ryzen 9,12,4.5,NVIDIA RTX 3090,180,16,1024,257000
833,HP,Lenovo Legion 2019,Ryzen 5,6,4.0,NVIDIA RTX 3060,80,16,256,90000
834,MSI,ASUS Plus 2019,Ryzen 5,6,4.0,NVIDIA RTX 3070,115,16,512,110000
835,HP,Dell Plus 2022,Ryzen 9,12,4.5,NVIDIA RTX 4070,115,16,512,210000
836,Dell,ASUS Pro 2020,Ryzen 3,4,3.7,NVIDIA GTX 1650,50,16,256,50000
837,ASUS,Lenovo Strix 2020,Ryzen 9,12,4.5,NVIDIA RTX 4090,175,32,1024,287000
838,Acer,HP Katana 2024,Ryzen 7,8,4.2,NVIDIA RTX 4060,85,16,512,145000
839,Acer,MSI Gaming 2020,Ryzen 5,6,4.0,NVIDIA RTX 4070,115,16,1024,127000
840,MSI,Dell Pro 2023,Ryzen 5,6,4.0,NVIDIA RTX 4070,115,16,1024,127000
841,HP,MSI Ultra 2022,Ryzen 9,12,4.5,NVIDIA RTX 3070,115,32,1024,217000
842,ASUS,Dell Pro 2021,Ryzen 5,6,4.0,NVIDIA RTX 4050,60,16,256,85000
843,ASUS,Lenovo Katana 2024,Ryzen 7,8,4.2,NVIDIA RTX 4080,150,32,1024,207000
844,ASUS,ASUS Strix 2021,Ryzen 9,12,4.5,NVIDIA RTX 3070,115,24,2048,225000
845,MSI,ASUS VivoBook 2022,Ryzen 7,8,4.2,NVIDIA RTX 3050,60,32,1024,142000
846,Lenovo,Acer IdeaPad 2022,Ryzen 3,4,3.7,NVIDIA GTX 1650,50,8,512,50000
847,MSI,Lenovo VivoBook 2020,Ryzen 3,4,3.7,NVIDIA RTX 2050,65,16,512,60000
848,HP,Lenovo Katana 2023,Ryzen 9,12,4.5,NVIDIA RTX 4080,150,16,1024,247000
849,Acer,MSI Katana 2022,Ryzen 9,12,4.5,NVIDIA RTX 3080,150,16,512,220000
850,MSI,MSI Neo 2022,Ryzen 3,4,3.7,NVIDIA RTX 2050,65,8,256,50000
851,MSI,Lenovo Gaming 2023,Ryzen 9,12,4.5,NVIDIA RTX 4090,175,24,512,275000
852,Acer,MSI Max 2023,Ryzen 3,4,3.7,NVIDIA RTX 2050,65,16,256,55000
853,Dell,Dell X 2024,Ryzen 9,12,4.5,NVIDIA RTX 4080,150,24,2048,265000
854,Dell,Lenovo VivoBook 2021,Ryzen 7,8,4.2,NVIDIA RTX 4080,150,24,512,195000
855,HP,HP X 2019,Ryzen 3,4,3.7,NVIDIA GTX 1650,50,8,256,45000
856,MSI,HP Neo 2020,Ryzen 3,4,3.7,NVIDIA GTX 1650,50,8,512,50000
857,HP,ASUS Katana 2020,Ryzen 7,8,4.2,NVIDIA RTX 4090,175,16,512,220000
858,HP,HP Neo 2023,Ryzen 3,4,3.7,NVIDIA RTX 2050,65,8,256,50000
859,Lenovo,ASUS Gaming 2019,Ryzen 7,8,4.2,NVIDIA RTX 3090,180,16,512,200000
860,Lenovo,Lenovo X 2020,Ryzen 7,8,4.2,NVIDIA RTX 4050,60,24,1024,142000
861,MSI,HP Gaming 2022,Ryzen 3,4,3.7,NVIDIA GTX 1650,50,16,256,50000
862,HP,Dell Max 2023,Ryzen 3,4,3.7,NVIDIA RTX 2050,65,8,512,55000
863,HP,Dell IdeaPad 2023,Ryzen 5,6,4.0,NVIDIA RTX 4060,85,16,1024,112000
864,Acer,Dell Pro 2020,Ryzen 3,4,3.7,NVIDIA GTX 1650,50,8,512,50000
865,HP,Dell Max 2021,Ryzen 7,8,4.2,NVIDIA RTX 4070,115,16,1024,167000
866,Lenovo,ASUS Gaming 2022,Ryzen 5,6,4.0,NVIDIA RTX 4060,85,16,1024,112000
867,MSI,ASUS Gaming 2024,Ryzen 3,4,3.7,NVIDIA RTX 2050,65,8,256,50000
868,Acer,Dell Ultra 2022,Ryzen 3,4,3.7,NVIDIA RTX 2050,65,8,512,55000
869,Lenovo,HP IdeaPad 2021,Ryzen 9,12,4.5,NVIDIA RTX 3080,150,24,1024,232000
870,ASUS,MSI Strix 2022,Ryzen 9,12,4.5,NVIDIA RTX 4090,175,24,512,275000
871,ASUS,HP VivoBook 2020,Ryzen 9,12,4.5,NVIDIA RTX 3080,150,16,512,220000
872,MSI,MSI Neo 2020,Ryzen 7,8,4.2,NVIDIA RTX 4050,60,32,512,140000
873,MSI,HP Max 2019,Ryzen 5,6,4.0,NVIDIA RTX 3070,115,16,512,110000
874,MSI,Dell VivoBook 2021,Ryzen 9,12,4.5,NVIDIA RTX 3090,180,32,1024,267000
875,Acer,Acer Max 2024,Ryzen 3,4,3.7,NVIDIA RTX 2050,65,8,512,55000
876,MSI,Dell Ultra 2023,Ryzen 5,6,4.0,NVIDIA RTX 4070,115,16,512,120000
877,Acer,Acer Max 2020,Ryzen 5,6,4.0,NVIDIA RTX 4070,115,16,512,120000
878,Lenovo,MSI Legion 2022,Ryzen 9,12,4.5,NVIDIA RTX 3090,180,32,2048,280000
879,Dell,HP Strix 2024,Ryzen 5,6,4.0,NVIDIA RTX 4070,115,16,256,115000
880,MSI,ASUS Pro 2020,Ryzen 5,6,4.0,NVIDIA RTX 4050,60,16,1024,97000
881,HP,Acer Gaming 2024,Ryzen 5,6,4.0,NVIDIA RTX 4070,115,16,512,120000
882,MSI,MSI VivoBook 2023,Ryzen 3,4,3.7,NVIDIA GTX 1650,50,16,256,50000
883,Acer,HP Ultra 2023,Ryzen 7,8,4.2,NVIDIA RTX 3090,180,24,1024,212000
884,HP,Dell Strix 2020,Ryzen 3,4,3.7,NVIDIA GTX 1650,50,16,256,50000
885,ASUS,MSI Strix 2024,Ryzen 5,6,4.0,NVIDIA RTX 4060,85,16,512,105000
886,Dell,Dell Strix 2024,Ryzen 3,4,3.7,NVIDIA RTX 2050,65,16,256,55000
887,ASUS,Dell IdeaPad 2022,Ryzen 7,8,4.2,NVIDIA RTX 4090,175,16,512,220000
888,MSI,HP Pro 2022,Ryzen 3,4,3.7,NVIDIA GTX 1650,50,8,512,50000
889,HP,Dell Plus 2022,Ryzen 3,4,3.7,NVIDIA GTX 1650,50,8,512,50000
890,Lenovo,ASUS Neo 2024,Ryzen 9,12,4.5,NVIDIA RTX 4080,150,16,512,240000
891,HP,Lenovo Strix 2020,Ryzen 5,6,4.0,NVIDIA RTX 4060,85,16,256,100000
892,Lenovo,Lenovo IdeaPad 2023,Ryzen 5,6,4.0,NVIDIA RTX 3060,80,16,256,90000
893,ASUS,Acer X 2021,Ryzen 5,6,4.0,NVIDIA RTX 4050,60,16,256,85000
894,ASUS,Lenovo Neo 2021,Ryzen 3,4,3.7,NVIDIA RTX 2050,65,8,512,55000
895,Acer,Dell Gaming 2024,Ryzen 9,12,4.5,NVIDIA RTX 3090,180,16,2048,270000
896,ASUS,Dell VivoBook 2020,Ryzen 9,12,4.5,NVIDIA RTX 3070,115,16,512,200000
897,ASUS,ASUS VivoBook 2019,Ryzen 5,6,4.0,NVIDIA RTX 3060,80,16,512,95000
898,ASUS,Dell Pro 2023,Ryzen 9,12,4.5,NVIDIA RTX 4070,115,24,1024,222000
899,Dell,Lenovo VivoBook 2021,Ryzen 5,6,4.0,NVIDIA RTX 3070,115,16,256,105000
900,HP,Acer Katana 2024,Ryzen 7,8,4.2,NVIDIA RTX 3090,180,16,1024,207000
901,MSI,Lenovo Max 2022,Ryzen 5,6,4.0,NVIDIA RTX 3060,80,16,256,90000
902,Lenovo,ASUS Strix 2022,Ryzen 5,6,4.0,NVIDIA RTX 4070,115,16,512,120000
903,ASUS,HP IdeaPad 2019,Ryzen 9,12,4.5,NVIDIA RTX 4080,150,24,512,245000
904,HP,Dell Pro 2024,Ryzen 7,8,4.2,NVIDIA RTX 3050,60,32,1024,142000
905,ASUS,Lenovo Legion 2023,Ryzen 7,8,4.2,NVIDIA RTX 4050,60,24,1024,142000
906,Lenovo,Lenovo VivoBook 2020,Ryzen 5,6,4.0,NVIDIA RTX 4060,85,16,512,105000
907,Dell,Acer Plus 2019,Ryzen 5,6,4.0,NVIDIA RTX 4070,115,16,256,115000
908,ASUS,HP Max 2020,Ryzen 5,6,4.0,NVIDIA RTX 4070,115,16,1024,127000
909,Acer,Lenovo Strix 2020,Ryzen 9,12,4.5,NVIDIA RTX 4080,150,16,512,240000
910,Dell,Lenovo Gaming 2022,Ryzen 9,12,4.5,NVIDIA RTX 4070,115,24,512,215000
911,ASUS,HP Legion 2024,Ryzen 5,6,4.0,NVIDIA RTX 3050,60,16,1024,92000
912,MSI,MSI Strix 2024,Ryzen 5,6,4.0,NVIDIA RTX 3050,60,16,1024,92000
913,ASUS,Acer X 2021,Ryzen 5,6,4.0,NVIDIA RTX 3050,60,16,1024,92000
914,MSI,Acer Gaming 2020,Ryzen 5,6,4.0,NVIDIA RTX 4070,115,16,512,120000
915,ASUS,HP Gaming 2022,Ryzen 3,4,3.7,NVIDIA RTX 2050,65,16,256,55000
916,Dell,Lenovo Katana 2024,Ryzen 7,8,4.2,NVIDIA RTX 3050,60,32,1024,142000
917,HP,Acer Neo 2022,Ryzen 9,12,4.5,NVIDIA RTX 3090,180,16,2048,270000
918,HP,MSI IdeaPad 2024,Ryzen 5,6,4.0,NVIDIA RTX 3050,60,16,1024,92000
919,ASUS,Dell Legion 2021,Ryzen 5,6,4.0,NVIDIA RTX 4070,115,16,256,115000
920,Acer,Lenovo Strix 2024,Ryzen 5,6,4.0,NVIDIA RTX 3060,80,16,256,90000
921,Dell,ASUS VivoBook 2020,Ryzen 3,4,3.7,NVIDIA RTX 2050,65,16,512,60000
922,Acer,ASUS Max 2020,Ryzen 7,8,4.2,NVIDIA RTX 4070,115,16,1024,167000
923,HP,Acer Ultra 2020,Ryzen 3,4,3.7,NVIDIA RTX 2050,65,16,256,55000
924,MSI,ASUS IdeaPad 2020,Ryzen 9,12,4.5,NVIDIA RTX 3080,150,16,2048,240000
925,Lenovo,Acer Strix 2024,Ryzen 9,12,4.5,NVIDIA RTX 4080,150,16,2048,260000
926,MSI,Dell Gaming 2021,Ryzen 7,8,4.2,NVIDIA RTX 3090,180,32,512,210000
927,MSI,HP Max 2024,Ryzen 5,6,4.0,NVIDIA RTX 3060,80,16,256,90000
928,HP,HP Legion 2024,Ryzen 5,6,4.0,NVIDIA RTX 4060,85,16,256,100000
929,Acer,HP X 2022,Ryzen 7,8,4.2,NVIDIA RTX 3060,80,32,1024,152000
930,Acer,Dell Katana 2022,Ryzen 7,8,4.2,NVIDIA RTX 4050,60,32,1024,147000
931,HP,ASUS Strix 2019,Ryzen 5,6,4.0,NVIDIA RTX 4070,115,16,512,120000
932,MSI,ASUS Ultra 2023,Ryzen 3,4,3.7,NVIDIA GTX 1650,50,8,512,50000
933,Lenovo,MSI Katana 2019,Ryzen 5,6,4.0,NVIDIA RTX 4050,60,16,256,85000
934,Lenovo,Lenovo Max 2024,Ryzen 3,4,3.7,NVIDIA RTX 2050,65,16,256,55000
935,HP,ASUS Max 2023,Ryzen 5,6,4.0,NVIDIA RTX 4060,85,16,512,105000
936,Lenovo,HP Katana 2023,Ryzen 7,8,4.2,NVIDIA RTX 3080,150,16,1024,177000
937,ASUS,Dell IdeaPad 2020,Ryzen 5,6,4.0,NVIDIA RTX 4060,85,16,1024,112000
938,Lenovo,ASUS Gaming 2024,Ryzen 9,12,4.5,NVIDIA RTX 3070,115,32,512,210000
939,ASUS,Lenovo Ultra 2019,Ryzen 9,12,4.5,NVIDIA RTX 3080,150,16,2048,240000
940,HP,MSI Neo 2020,Ryzen 5,6,4.0,NVIDIA RTX 3070,115,16,512,110000
941,HP,Lenovo Pro 2023,Ryzen 5,6,4.0,NVIDIA RTX 3070,115,16,1024,117000
942,Lenovo,ASUS Neo 2023,Ryzen 3,4,3.7,NVIDIA RTX 2050,65,16,512,60000
943,MSI,HP VivoBook 2023,Ryzen 3,4,3.7,NVIDIA RTX 2050,65,8,256,50000
944,Dell,Lenovo Strix 2022,Ryzen 7,8,4.2,NVIDIA RTX 4050,60,16,1024,137000
945,MSI,HP X 2019,Ryzen 7,8,4.2,NVIDIA RTX 3090,180,16,512,200000
946,Dell,HP Gaming 2023,Ryzen 9,12,4.5,NVIDIA RTX 3070,115,32,1024,217000
947,ASUS,HP Pro 2022,Ryzen 7,8,4.2,NVIDIA RTX 4090,175,24,1024,232000
948,Dell,Lenovo Pro 2022,Ryzen 9,12,4.5,NVIDIA RTX 4090,175,16,1024,277000
949,ASUS,Dell Strix 2020,Ryzen 9,12,4.5,NVIDIA RTX 4080,150,16,512,240000
950,MSI,HP Plus 2022,Ryzen 5,6,4.0,NVIDIA RTX 3060,80,16,512,95000
951,Acer,Acer Katana 2024,Ryzen 9,12,4.5,NVIDIA RTX 4070,115,16,1024,217000
952,MSI,HP Neo 2024,Ryzen 9,12,4.5,NVIDIA RTX 3070,115,24,1024,212000
953,Dell,HP IdeaPad 2024,Ryzen 9,12,4.5,NVIDIA RTX 4070,115,16,1024,217000
954,Dell,Dell Ultra 2023,Ryzen 9,12,4.5,NVIDIA RTX 4070,115,16,1024,217000
955,MSI,ASUS VivoBook 2023,Ryzen 7,8,4.2,NVIDIA RTX 4090,175,16,1024,227000
956,Lenovo,HP Katana 2024,Ryzen 9,12,4.5,NVIDIA RTX 3090,180,24,2048,275000
957,HP,HP Plus 2020,Ryzen 5,6,4.0,NVIDIA RTX 3060,80,16,256,90000
958,ASUS,Acer Neo 2022,Ryzen 5,6,4.0,NVIDIA RTX 3060,80,16,1024,102000
959,Dell,Acer Katana 2023,Ryzen 9,12,4.5,NVIDIA RTX 3070,115,16,2048,220000
960,MSI,MSI Legion 2023,Ryzen 3,4,3.7,NVIDIA RTX 2050,65,8,512,55000
961,ASUS,HP Strix 2024,Ryzen 3,4,3.7,NVIDIA GTX 1650,50,8,512,50000
962,ASUS,Acer IdeaPad 2023,Ryzen 5,6,4.0,NVIDIA RTX 4070,115,16,1024,127000
963,ASUS,MSI Ultra 2021,Ryzen 5,6,4.0,NVIDIA RTX 3060,80,16,512,95000
964,HP,Lenovo Legion 2020,Ryzen 7,8,4.2,NVIDIA RTX 4090,175,16,1024,227000
965,MSI,Dell X 2020,Ryzen 5,6,4.0,NVIDIA RTX 3060,80,16,512,95000
966,Lenovo,Lenovo Strix 2021,Ryzen 5,6,4.0,NVIDIA RTX 3050,60,16,256,80000
967,Acer,HP Strix 2022,Ryzen 5,6,4.0,NVIDIA RTX 4050,60,16,256,85000
968,Dell,HP VivoBook 2020,Ryzen 7,8,4.2,NVIDIA RTX 4070,115,24,512,165000
969,Acer,MSI VivoBook 2019,Ryzen 9,12,4.5,NVIDIA RTX 3080,150,32,2048,250000
970,Acer,MSI Legion 2019,Ryzen 7,8,4.2,NVIDIA RTX 4050,60,32,512,140000
971,HP,ASUS Strix 2020,Ryzen 5,6,4.0,NVIDIA RTX 4050,60,16,512,90000
972,MSI,ASUS Max 2019,Ryzen 7,8,4.2,NVIDIA RTX 4050,60,32,1024,147000
973,Dell,Dell IdeaPad 2024,Ryzen 3,4,3.7,NVIDIA RTX 2050,65,16,512,60000
974,ASUS,HP Ultra 2020,Ryzen 7,8,4.2,NVIDIA RTX 3060,80,16,1024,142000
975,Acer,Dell Gaming 2020,Ryzen 9,12,4.5,NVIDIA RTX 3090,180,16,512,250000
976,HP,MSI X 2022,Ryzen 9,12,4.5,NVIDIA RTX 4090,175,24,1024,282000
977,Dell,ASUS Katana 2020,Ryzen 5,6,4.0,NVIDIA RTX 3050,60,16,512,85000
978,ASUS,MSI X 2022,Ryzen 7,8,4.2,NVIDIA RTX 3050,60,16,1024,132000
979,Dell,ASUS VivoBook 2023,Ryzen 9,12,4.5,NVIDIA RTX 3090,180,24,2048,275000
980,Lenovo,MSI Max 2019,Ryzen 3,4,3.7,NVIDIA RTX 2050,65,8,512,55000
981,Dell,HP Pro 2019,Ryzen 3,4,3.7,NVIDIA GTX 1650,50,8,512,50000
982,MSI,ASUS Strix 2019,Ryzen 3,4,3.7,NVIDIA GTX 1650,50,16,256,50000
983,HP,HP Pro 2023,Ryzen 5,6,4.0,NVIDIA RTX 4070,115,16,512,120000
984,Lenovo,HP Katana 2020,Ryzen 9,12,4.5,NVIDIA RTX 4080,150,24,512,245000
985,HP,HP Katana 2021,Ryzen 3,4,3.7,NVIDIA RTX 2050,65,16,256,55000
986,Dell,Acer IdeaPad 2019,Ryzen 5,6,4.0,NVIDIA RTX 3070,115,16,512,110000
987,Lenovo,Lenovo Strix 2022,Ryzen 5,6,4.0,NVIDIA RTX 4060,85,16,512,105000
988,ASUS,HP IdeaPad 2024,Ryzen 5,6,4.0,NVIDIA RTX 4060,85,16,512,105000
989,Lenovo,Lenovo Gaming 2023,Ryzen 7,8,4.2,NVIDIA RTX 4080,150,32,1024,207000
990,Lenovo,Dell Neo 2023,Ryzen 3,4,3.7,NVIDIA GTX 1650,50,8,512,50000
